{"data":{"allWpProduct":{"edges":[{"node":{"id":"cHJvZHVjdDoyMTU=","name":"Зимняя куртка A1","sku":"058-05-Pr-1-1","onSale":false,"productCategories":{"nodes":[{"name":"Категория 3","slug":"uncategorized","id":"dGVybToxNQ=="}]},"price":"1240&nbsp;грн","salePrice":null,"image":{"mediaDetails":{"sizes":[{"sourceUrl":"http://dev.dolgih.store/wp-content/uploads/2021/03/2201202105_IMG_7990_Easy-Resize.com-crop-210x300.jpg","name":"medium"},{"sourceUrl":"http://dev.dolgih.store/wp-content/uploads/2021/03/2201202105_IMG_7990_Easy-Resize.com-crop-718x1024.jpg","name":"large"},{"sourceUrl":"http://dev.dolgih.store/wp-content/uploads/2021/03/2201202105_IMG_7990_Easy-Resize.com-crop-150x150.jpg","name":"thumbnail"},{"sourceUrl":"http://dev.dolgih.store/wp-content/uploads/2021/03/2201202105_IMG_7990_Easy-Resize.com-crop-768x1096.jpg","name":"medium_large"},{"sourceUrl":"http://dev.dolgih.store/wp-content/uploads/2021/03/2201202105_IMG_7990_Easy-Resize.com-crop-270x430.jpg","name":"catalog-product"},{"sourceUrl":"http://dev.dolgih.store/wp-content/uploads/2021/03/2201202105_IMG_7990_Easy-Resize.com-crop-250x400.jpg","name":"single-product"},{"sourceUrl":"http://dev.dolgih.store/wp-content/uploads/2021/03/2201202105_IMG_7990_Easy-Resize.com-crop-300x300.jpg","name":"woocommerce_thumbnail"},{"sourceUrl":"http://dev.dolgih.store/wp-content/uploads/2021/03/2201202105_IMG_7990_Easy-Resize.com-crop-600x856.jpg","name":"woocommerce_single"},{"sourceUrl":"http://dev.dolgih.store/wp-content/uploads/2021/03/2201202105_IMG_7990_Easy-Resize.com-crop-100x100.jpg","name":"woocommerce_gallery_thumbnail"},{"sourceUrl":"http://dev.dolgih.store/wp-content/uploads/2021/03/2201202105_IMG_7990_Easy-Resize.com-crop-300x300.jpg","name":"shop_catalog"},{"sourceUrl":"http://dev.dolgih.store/wp-content/uploads/2021/03/2201202105_IMG_7990_Easy-Resize.com-crop-600x856.jpg","name":"shop_single"},{"sourceUrl":"http://dev.dolgih.store/wp-content/uploads/2021/03/2201202105_IMG_7990_Easy-Resize.com-crop-100x100.jpg","name":"shop_thumbnail"}]},"mediaItemUrl":"http://dev.dolgih.store/wp-content/uploads/2021/03/2201202105_IMG_7990_Easy-Resize.com-crop.jpg"},"slug":"adidas-4"}},{"node":{"id":"cHJvZHVjdDoyOA==","name":"Зимняя куртка A6","sku":"058-05-Pr","onSale":false,"productCategories":{"nodes":[{"name":"Категория 1","slug":"cat-1","id":"dGVybToxODc="}]},"price":"1240&nbsp;грн","salePrice":null,"image":{"mediaDetails":{"sizes":[{"sourceUrl":"http://dev.dolgih.store/wp-content/uploads/2021/03/2201202105_IMG_7990_Easy-Resize.com-crop-210x300.jpg","name":"medium"},{"sourceUrl":"http://dev.dolgih.store/wp-content/uploads/2021/03/2201202105_IMG_7990_Easy-Resize.com-crop-718x1024.jpg","name":"large"},{"sourceUrl":"http://dev.dolgih.store/wp-content/uploads/2021/03/2201202105_IMG_7990_Easy-Resize.com-crop-150x150.jpg","name":"thumbnail"},{"sourceUrl":"http://dev.dolgih.store/wp-content/uploads/2021/03/2201202105_IMG_7990_Easy-Resize.com-crop-768x1096.jpg","name":"medium_large"},{"sourceUrl":"http://dev.dolgih.store/wp-content/uploads/2021/03/2201202105_IMG_7990_Easy-Resize.com-crop-270x430.jpg","name":"catalog-product"},{"sourceUrl":"http://dev.dolgih.store/wp-content/uploads/2021/03/2201202105_IMG_7990_Easy-Resize.com-crop-250x400.jpg","name":"single-product"},{"sourceUrl":"http://dev.dolgih.store/wp-content/uploads/2021/03/2201202105_IMG_7990_Easy-Resize.com-crop-300x300.jpg","name":"woocommerce_thumbnail"},{"sourceUrl":"http://dev.dolgih.store/wp-content/uploads/2021/03/2201202105_IMG_7990_Easy-Resize.com-crop-600x856.jpg","name":"woocommerce_single"},{"sourceUrl":"http://dev.dolgih.store/wp-content/uploads/2021/03/2201202105_IMG_7990_Easy-Resize.com-crop-100x100.jpg","name":"woocommerce_gallery_thumbnail"},{"sourceUrl":"http://dev.dolgih.store/wp-content/uploads/2021/03/2201202105_IMG_7990_Easy-Resize.com-crop-300x300.jpg","name":"shop_catalog"},{"sourceUrl":"http://dev.dolgih.store/wp-content/uploads/2021/03/2201202105_IMG_7990_Easy-Resize.com-crop-600x856.jpg","name":"shop_single"},{"sourceUrl":"http://dev.dolgih.store/wp-content/uploads/2021/03/2201202105_IMG_7990_Easy-Resize.com-crop-100x100.jpg","name":"shop_thumbnail"}]},"mediaItemUrl":"http://dev.dolgih.store/wp-content/uploads/2021/03/2201202105_IMG_7990_Easy-Resize.com-crop.jpg"},"slug":"product-1"}}]}}}