{"data":{"allWpProduct":{"edges":[{"node":{"id":"cHJvZHVjdDoyMTU=","databaseId":215,"name":"Зимняя куртка A1","sku":"058-05-Pr-1-1","onSale":false,"productCategories":{"nodes":[{"name":"test cat product","slug":"uncategorized","id":"dGVybToxNQ=="},{"name":"АНОРАКИ","slug":"man-kurtki-anoraki","id":"dGVybTozMTQ="},{"name":"БАНАНКИ","slug":"man-accessories-bananki","id":"dGVybToyNDc="},{"name":"БАРСЕТКИ","slug":"man-accessories-barsetki","id":"dGVybToyNTA="},{"name":"БОМБЕР","slug":"man-kofty-bomber","id":"dGVybToyOTA="},{"name":"БОМБЕРА","slug":"man-kurtki-bomber","id":"dGVybTozMTc="},{"name":"БРЕНДОВЫЕ","slug":"man-futbolki-brend","id":"dGVybTozNTA="},{"name":"ВЕТРОВКИ","slug":"man-kurtki-vetrovki","id":"dGVybTozMjA="},{"name":"ВЯЗКА","slug":"man-kofty-vyazka","id":"dGVybToyOTM="},{"name":"ГАЛИФЕ","slug":"man-shtany-galife","id":"dGVybTozODM="},{"name":"ГОЛОВНЫЕ УБОРЫ И АКСЕССУАРЫ","slug":"man-accessories","id":"dGVybToyNDQ="},{"name":"ДЕМИСЕЗОННЫЕ","slug":"man-kostyumy-demisezon","id":"dGVybToyNzY="},{"name":"ДЕМИСЕЗОННЫЕ","slug":"man-kurtki-demisezon","id":"dGVybTozMjM="},{"name":"ДЕТСКАЯ ОДЕЖДА","slug":"detskaya-odezhda","id":"dGVybToyMzU="},{"name":"ДЖИНСОВЫЕ","slug":"man-shtany-jeans","id":"dGVybTozODY="},{"name":"ДЖОГГЕРЫ","slug":"man-shtany-dzhogery","id":"dGVybTozODk="},{"name":"ЖЕНСКАЯ ОДЕЖДА","slug":"zhenskaya-odezhda","id":"dGVybToyMzg="},{"name":"ЖИЛЕТКИ","slug":"man-kurtki-zhiletki","id":"dGVybTozMjY="},{"name":"ЗИМНИЕ","slug":"man-kurtki-zima","id":"dGVybTozMjk="},{"name":"ЗИМНИЕ","slug":"man-kostyumy-zima","id":"dGVybToyNzk="},{"name":"КАРГО","slug":"man-shorty-kargo","id":"dGVybTozNjg="},{"name":"КАРГО","slug":"man-shtany-kargo","id":"dGVybTozOTI="},{"name":"КЕПКИ","slug":"man-accessories-kepki","id":"dGVybToyNTM="},{"name":"КЛАССИЧЕСКИЕ","slug":"man-shtany-klassic","id":"dGVybTozOTU="},{"name":"КОСТЮМЫ/КОМПЛЕКТЫ","slug":"man-kostyumy","id":"dGVybToyNzM="},{"name":"КОСУХИ","slug":"man-kurtki-kosuhi","id":"dGVybTozMzI="},{"name":"КОФТЫ","slug":"man-kofty","id":"dGVybToyODc="},{"name":"КУПАЛЬНЫЕ","slug":"man-shorty-swim","id":"dGVybTozNzE="},{"name":"КУРТКИ","slug":"man-kurtki","id":"dGVybTozMTE="},{"name":"ЛЕТНИЕ","slug":"man-kostyumy-leto","id":"dGVybToyODI="},{"name":"ЛОНГСЛИВ","slug":"man-kofty-longsliv","id":"dGVybToyOTY="},{"name":"МЕШКИ ДЛЯ ОЧКОВ","slug":"man-accessories-futlyar","id":"dGVybToyNTY="},{"name":"МУЖСКАЯ ОДЕЖДА","slug":"muzhskaya-odezhda","id":"dGVybToyNDE="},{"name":"НОСКИ","slug":"man-accessories-noski","id":"dGVybToyNTk="},{"name":"ОБУВЬ СПОРТИВНАЯ","slug":"man-obuv-sport","id":"dGVybTozNDQ="},{"name":"ОДНОТОННЫЕ","slug":"man-futbolki-odnoton","id":"dGVybTozNTM="},{"name":"ОЧКИ","slug":"man-accessories-ochki","id":"dGVybToyNjI="},{"name":"ПАРКИ","slug":"man-kurtki-parki","id":"dGVybTozMzU="},{"name":"ПЕРЧАТКИ","slug":"man-accessories-perchatki","id":"dGVybToyNjU="},{"name":"ПЛАЩ","slug":"man-kurtki-plashch","id":"dGVybTozMzg="},{"name":"ПОЛО","slug":"man-futbolki-polo","id":"dGVybTozNTY="},{"name":"ПУХОВИКИ","slug":"man-kurtki-puhoviki","id":"dGVybTozNDE="},{"name":"РЕМНИ","slug":"man-accessories-remni","id":"dGVybToyNjg="},{"name":"С МОЛНИЕЙ","slug":"man-kofty-s-molniey","id":"dGVybToyOTk="},{"name":"С ОДНОТОННЫМИ РИСУНКАМИ","slug":"man-futbolki-s-odnoton-ris","id":"dGVybTozNTk="},{"name":"С ЦВЕТНЫМИ РИСУНКАМИ","slug":"man-futbolki-s-cvet-ris","id":"dGVybTozNjI="},{"name":"СВИТШОТ","slug":"man-kofty-svitshot","id":"dGVybTozMDI="},{"name":"СПОРТИВНЫЕ","slug":"man-kostyumy-sport","id":"dGVybToyODQ="},{"name":"СПОРТИВНЫЕ","slug":"man-shorty-sport","id":"dGVybTozNzQ="},{"name":"СПОРТИВНЫЕ","slug":"man-shtany-sport","id":"dGVybTozOTg="},{"name":"ТРИКОТАЖНЫЕ","slug":"man-kofty-trikotazh","id":"dGVybTozMDU="},{"name":"ТРИКОТАЖНЫЕ","slug":"man-shorty-trikotazh","id":"dGVybTozNzc="},{"name":"ФУТБОЛКИ","slug":"man-futbolki","id":"dGVybTozNDc="},{"name":"ХУДИ","slug":"man-kofty-hudi","id":"dGVybTozMDg="},{"name":"ШАПКИ","slug":"man-accessories-shapki","id":"dGVybToyNzA="},{"name":"ШОРТЫ","slug":"man-shorty","id":"dGVybTozNjU="},{"name":"ШТАНЫ","slug":"man-shtany","id":"dGVybTozODA="}]},"price":"1240&nbsp;грн","salePrice":null,"image":{"mediaDetails":{"sizes":[{"sourceUrl":"http://dev.dolgih.store/wp-content/uploads/2021/03/2201202105_IMG_7990_Easy-Resize.com-crop-210x300.jpg","name":"medium"},{"sourceUrl":"http://dev.dolgih.store/wp-content/uploads/2021/03/2201202105_IMG_7990_Easy-Resize.com-crop-718x1024.jpg","name":"large"},{"sourceUrl":"http://dev.dolgih.store/wp-content/uploads/2021/03/2201202105_IMG_7990_Easy-Resize.com-crop-150x150.jpg","name":"thumbnail"},{"sourceUrl":"http://dev.dolgih.store/wp-content/uploads/2021/03/2201202105_IMG_7990_Easy-Resize.com-crop-768x1096.jpg","name":"medium_large"},{"sourceUrl":"http://dev.dolgih.store/wp-content/uploads/2021/03/2201202105_IMG_7990_Easy-Resize.com-crop-270x430.jpg","name":"catalog-product"},{"sourceUrl":"http://dev.dolgih.store/wp-content/uploads/2021/03/2201202105_IMG_7990_Easy-Resize.com-crop-250x400.jpg","name":"single-product"},{"sourceUrl":"http://dev.dolgih.store/wp-content/uploads/2021/03/2201202105_IMG_7990_Easy-Resize.com-crop-300x300.jpg","name":"woocommerce_thumbnail"},{"sourceUrl":"http://dev.dolgih.store/wp-content/uploads/2021/03/2201202105_IMG_7990_Easy-Resize.com-crop-600x856.jpg","name":"woocommerce_single"},{"sourceUrl":"http://dev.dolgih.store/wp-content/uploads/2021/03/2201202105_IMG_7990_Easy-Resize.com-crop-100x100.jpg","name":"woocommerce_gallery_thumbnail"},{"sourceUrl":"http://dev.dolgih.store/wp-content/uploads/2021/03/2201202105_IMG_7990_Easy-Resize.com-crop-300x300.jpg","name":"shop_catalog"},{"sourceUrl":"http://dev.dolgih.store/wp-content/uploads/2021/03/2201202105_IMG_7990_Easy-Resize.com-crop-600x856.jpg","name":"shop_single"},{"sourceUrl":"http://dev.dolgih.store/wp-content/uploads/2021/03/2201202105_IMG_7990_Easy-Resize.com-crop-100x100.jpg","name":"shop_thumbnail"}]},"mediaItemUrl":"http://dev.dolgih.store/wp-content/uploads/2021/03/2201202105_IMG_7990_Easy-Resize.com-crop.jpg"},"slug":"adidas-4"}},{"node":{"id":"cHJvZHVjdDoyOA==","databaseId":28,"name":"Зимняя куртка A6","sku":"058-05-Pr","onSale":false,"productCategories":{"nodes":[{"name":"test cat product","slug":"uncategorized","id":"dGVybToxNQ=="}]},"price":"1240&nbsp;грн","salePrice":null,"image":{"mediaDetails":{"sizes":[{"sourceUrl":"http://dev.dolgih.store/wp-content/uploads/2021/03/2201202105_IMG_7990_Easy-Resize.com-crop-210x300.jpg","name":"medium"},{"sourceUrl":"http://dev.dolgih.store/wp-content/uploads/2021/03/2201202105_IMG_7990_Easy-Resize.com-crop-718x1024.jpg","name":"large"},{"sourceUrl":"http://dev.dolgih.store/wp-content/uploads/2021/03/2201202105_IMG_7990_Easy-Resize.com-crop-150x150.jpg","name":"thumbnail"},{"sourceUrl":"http://dev.dolgih.store/wp-content/uploads/2021/03/2201202105_IMG_7990_Easy-Resize.com-crop-768x1096.jpg","name":"medium_large"},{"sourceUrl":"http://dev.dolgih.store/wp-content/uploads/2021/03/2201202105_IMG_7990_Easy-Resize.com-crop-270x430.jpg","name":"catalog-product"},{"sourceUrl":"http://dev.dolgih.store/wp-content/uploads/2021/03/2201202105_IMG_7990_Easy-Resize.com-crop-250x400.jpg","name":"single-product"},{"sourceUrl":"http://dev.dolgih.store/wp-content/uploads/2021/03/2201202105_IMG_7990_Easy-Resize.com-crop-300x300.jpg","name":"woocommerce_thumbnail"},{"sourceUrl":"http://dev.dolgih.store/wp-content/uploads/2021/03/2201202105_IMG_7990_Easy-Resize.com-crop-600x856.jpg","name":"woocommerce_single"},{"sourceUrl":"http://dev.dolgih.store/wp-content/uploads/2021/03/2201202105_IMG_7990_Easy-Resize.com-crop-100x100.jpg","name":"woocommerce_gallery_thumbnail"},{"sourceUrl":"http://dev.dolgih.store/wp-content/uploads/2021/03/2201202105_IMG_7990_Easy-Resize.com-crop-300x300.jpg","name":"shop_catalog"},{"sourceUrl":"http://dev.dolgih.store/wp-content/uploads/2021/03/2201202105_IMG_7990_Easy-Resize.com-crop-600x856.jpg","name":"shop_single"},{"sourceUrl":"http://dev.dolgih.store/wp-content/uploads/2021/03/2201202105_IMG_7990_Easy-Resize.com-crop-100x100.jpg","name":"shop_thumbnail"}]},"mediaItemUrl":"http://dev.dolgih.store/wp-content/uploads/2021/03/2201202105_IMG_7990_Easy-Resize.com-crop.jpg"},"slug":"product-1"}}]}}}