{"data":{"allWpMenu":{"edges":[{"node":{"name":"меню 1","slug":"menyu-1","menuItems":{"nodes":[{"url":"/","label":"Главная","path":"/"},{"url":"/product-category/muzhskaya-odezhda/","label":"МУЖСКАЯ ОДЕЖДА","path":"/product-category/muzhskaya-odezhda/"},{"url":"/product-category/zhenskaya-odezhda/","label":"ЖЕНСКАЯ ОДЕЖДА","path":"/product-category/zhenskaya-odezhda/"},{"url":"/product-category/uncategorized/","label":"test cat product","path":"/product-category/uncategorized/"},{"url":"/product-category/muzhskaya-odezhda/man-accessories/man-accessories-ochki/","label":"ОЧКИ","path":"/product-category/muzhskaya-odezhda/man-accessories/man-accessories-ochki/"}]}}}]}}}