{"data":{"allWpProduct":{"edges":[{"node":{"id":"cHJvZHVjdDoyMTU=","name":"Зимняя куртка A1","sku":"058-05-Pr-1-1","onSale":false,"productCategories":{"nodes":[{"name":"Категория 3","slug":"uncategorized","id":"dGVybToxNQ=="}]},"price":"1,240&nbsp;грн","variations":{"nodes":[{"id":"cHJvZHVjdF92YXJpYXRpb246MjE2","attributes":{"nodes":[{"value":"s"}]}},{"id":"cHJvZHVjdF92YXJpYXRpb246MjE3","attributes":{"nodes":[{"value":"m"}]}},{"id":"cHJvZHVjdF92YXJpYXRpb246MjE4","attributes":{"nodes":[{"value":"l"}]}}]},"image":{"mediaDetails":{"sizes":[{"sourceUrl":"http://dev.dolgih.store/wp-content/uploads/2021/03/2201202105_IMG_7990_Easy-Resize.com-crop-210x300.jpg","name":"medium"},{"sourceUrl":"http://dev.dolgih.store/wp-content/uploads/2021/03/2201202105_IMG_7990_Easy-Resize.com-crop-718x1024.jpg","name":"large"},{"sourceUrl":"http://dev.dolgih.store/wp-content/uploads/2021/03/2201202105_IMG_7990_Easy-Resize.com-crop-150x150.jpg","name":"thumbnail"},{"sourceUrl":"http://dev.dolgih.store/wp-content/uploads/2021/03/2201202105_IMG_7990_Easy-Resize.com-crop-768x1096.jpg","name":"medium_large"},{"sourceUrl":"http://dev.dolgih.store/wp-content/uploads/2021/03/2201202105_IMG_7990_Easy-Resize.com-crop-270x430.jpg","name":"catalog-product"},{"sourceUrl":"http://dev.dolgih.store/wp-content/uploads/2021/03/2201202105_IMG_7990_Easy-Resize.com-crop-250x400.jpg","name":"single-product"},{"sourceUrl":"http://dev.dolgih.store/wp-content/uploads/2021/03/2201202105_IMG_7990_Easy-Resize.com-crop-300x300.jpg","name":"woocommerce_thumbnail"},{"sourceUrl":"http://dev.dolgih.store/wp-content/uploads/2021/03/2201202105_IMG_7990_Easy-Resize.com-crop-600x856.jpg","name":"woocommerce_single"},{"sourceUrl":"http://dev.dolgih.store/wp-content/uploads/2021/03/2201202105_IMG_7990_Easy-Resize.com-crop-100x100.jpg","name":"woocommerce_gallery_thumbnail"},{"sourceUrl":"http://dev.dolgih.store/wp-content/uploads/2021/03/2201202105_IMG_7990_Easy-Resize.com-crop-300x300.jpg","name":"shop_catalog"},{"sourceUrl":"http://dev.dolgih.store/wp-content/uploads/2021/03/2201202105_IMG_7990_Easy-Resize.com-crop-600x856.jpg","name":"shop_single"},{"sourceUrl":"http://dev.dolgih.store/wp-content/uploads/2021/03/2201202105_IMG_7990_Easy-Resize.com-crop-100x100.jpg","name":"shop_thumbnail"}]},"mediaItemUrl":"http://dev.dolgih.store/wp-content/uploads/2021/03/2201202105_IMG_7990_Easy-Resize.com-crop.jpg"},"slug":"adidas-4"}},{"node":{"id":"cHJvZHVjdDoyMTA=","name":"Зимняя куртка A2","sku":"art-2-1","onSale":false,"productCategories":{"nodes":[{"name":"Категория 2","slug":"cat-2","id":"dGVybToxODk="}]},"price":"20&nbsp;грн - 21&nbsp;грн","variations":{"nodes":[{"id":"cHJvZHVjdF92YXJpYXRpb246MjEx","attributes":{"nodes":[{"value":"l"}]}},{"id":"cHJvZHVjdF92YXJpYXRpb246MjEy","attributes":{"nodes":[{"value":"m"}]}},{"id":"cHJvZHVjdF92YXJpYXRpb246MjEz","attributes":{"nodes":[{"value":"s"}]}}]},"image":{"mediaDetails":{"sizes":[{"sourceUrl":"http://dev.dolgih.store/wp-content/uploads/2021/03/1212202003_photo_2020-12-12_00-03-18-crop-300x300.jpg","name":"woocommerce_thumbnail"},{"sourceUrl":"http://dev.dolgih.store/wp-content/uploads/2021/03/1212202003_photo_2020-12-12_00-03-18-crop-100x100.jpg","name":"woocommerce_gallery_thumbnail"},{"sourceUrl":"http://dev.dolgih.store/wp-content/uploads/2021/03/1212202003_photo_2020-12-12_00-03-18-crop-600x835.jpg","name":"woocommerce_single"},{"sourceUrl":"http://dev.dolgih.store/wp-content/uploads/2021/03/1212202003_photo_2020-12-12_00-03-18-crop-216x300.jpg","name":"medium"},{"sourceUrl":"http://dev.dolgih.store/wp-content/uploads/2021/03/1212202003_photo_2020-12-12_00-03-18-crop-736x1024.jpg","name":"large"},{"sourceUrl":"http://dev.dolgih.store/wp-content/uploads/2021/03/1212202003_photo_2020-12-12_00-03-18-crop-150x150.jpg","name":"thumbnail"},{"sourceUrl":"http://dev.dolgih.store/wp-content/uploads/2021/03/1212202003_photo_2020-12-12_00-03-18-crop-270x430.jpg","name":"catalog-product"},{"sourceUrl":"http://dev.dolgih.store/wp-content/uploads/2021/03/1212202003_photo_2020-12-12_00-03-18-crop-250x400.jpg","name":"single-product"},{"sourceUrl":"http://dev.dolgih.store/wp-content/uploads/2021/03/1212202003_photo_2020-12-12_00-03-18-crop-300x300.jpg","name":"shop_catalog"},{"sourceUrl":"http://dev.dolgih.store/wp-content/uploads/2021/03/1212202003_photo_2020-12-12_00-03-18-crop-600x835.jpg","name":"shop_single"},{"sourceUrl":"http://dev.dolgih.store/wp-content/uploads/2021/03/1212202003_photo_2020-12-12_00-03-18-crop-100x100.jpg","name":"shop_thumbnail"}]},"mediaItemUrl":"http://dev.dolgih.store/wp-content/uploads/2021/03/1212202003_photo_2020-12-12_00-03-18-crop.jpg"},"slug":"adidas-3"}},{"node":{"id":"cHJvZHVjdDoyMDU=","name":"Зимняя куртка A3","sku":"058-05-Pr-2","onSale":false,"productCategories":{"nodes":[{"name":"Категория 1","slug":"cat-1","id":"dGVybToxODc="}]},"price":"1,240&nbsp;грн","variations":{"nodes":[{"id":"cHJvZHVjdF92YXJpYXRpb246MjA2","attributes":{"nodes":[{"value":"s"}]}},{"id":"cHJvZHVjdF92YXJpYXRpb246MjA3","attributes":{"nodes":[{"value":"m"}]}},{"id":"cHJvZHVjdF92YXJpYXRpb246MjA4","attributes":{"nodes":[{"value":"l"}]}}]},"image":{"mediaDetails":{"sizes":[{"sourceUrl":"http://dev.dolgih.store/wp-content/uploads/2021/03/2201202105_IMG_7990_Easy-Resize.com-crop-210x300.jpg","name":"medium"},{"sourceUrl":"http://dev.dolgih.store/wp-content/uploads/2021/03/2201202105_IMG_7990_Easy-Resize.com-crop-718x1024.jpg","name":"large"},{"sourceUrl":"http://dev.dolgih.store/wp-content/uploads/2021/03/2201202105_IMG_7990_Easy-Resize.com-crop-150x150.jpg","name":"thumbnail"},{"sourceUrl":"http://dev.dolgih.store/wp-content/uploads/2021/03/2201202105_IMG_7990_Easy-Resize.com-crop-768x1096.jpg","name":"medium_large"},{"sourceUrl":"http://dev.dolgih.store/wp-content/uploads/2021/03/2201202105_IMG_7990_Easy-Resize.com-crop-270x430.jpg","name":"catalog-product"},{"sourceUrl":"http://dev.dolgih.store/wp-content/uploads/2021/03/2201202105_IMG_7990_Easy-Resize.com-crop-250x400.jpg","name":"single-product"},{"sourceUrl":"http://dev.dolgih.store/wp-content/uploads/2021/03/2201202105_IMG_7990_Easy-Resize.com-crop-300x300.jpg","name":"woocommerce_thumbnail"},{"sourceUrl":"http://dev.dolgih.store/wp-content/uploads/2021/03/2201202105_IMG_7990_Easy-Resize.com-crop-600x856.jpg","name":"woocommerce_single"},{"sourceUrl":"http://dev.dolgih.store/wp-content/uploads/2021/03/2201202105_IMG_7990_Easy-Resize.com-crop-100x100.jpg","name":"woocommerce_gallery_thumbnail"},{"sourceUrl":"http://dev.dolgih.store/wp-content/uploads/2021/03/2201202105_IMG_7990_Easy-Resize.com-crop-300x300.jpg","name":"shop_catalog"},{"sourceUrl":"http://dev.dolgih.store/wp-content/uploads/2021/03/2201202105_IMG_7990_Easy-Resize.com-crop-600x856.jpg","name":"shop_single"},{"sourceUrl":"http://dev.dolgih.store/wp-content/uploads/2021/03/2201202105_IMG_7990_Easy-Resize.com-crop-100x100.jpg","name":"shop_thumbnail"}]},"mediaItemUrl":"http://dev.dolgih.store/wp-content/uploads/2021/03/2201202105_IMG_7990_Easy-Resize.com-crop.jpg"},"slug":"adidas-2"}},{"node":{"id":"cHJvZHVjdDoyMDA=","name":"Зимняя куртка A4","sku":"058-05-Pr-1","onSale":false,"productCategories":{"nodes":[{"name":"Категория 3","slug":"uncategorized","id":"dGVybToxNQ=="}]},"price":"1,240&nbsp;грн","variations":{"nodes":[{"id":"cHJvZHVjdF92YXJpYXRpb246MjAx","attributes":{"nodes":[{"value":"s"}]}},{"id":"cHJvZHVjdF92YXJpYXRpb246MjAy","attributes":{"nodes":[{"value":"m"}]}},{"id":"cHJvZHVjdF92YXJpYXRpb246MjAz","attributes":{"nodes":[{"value":"l"}]}}]},"image":{"mediaDetails":{"sizes":[{"sourceUrl":"http://dev.dolgih.store/wp-content/uploads/2021/03/2201202105_IMG_7990_Easy-Resize.com-crop-210x300.jpg","name":"medium"},{"sourceUrl":"http://dev.dolgih.store/wp-content/uploads/2021/03/2201202105_IMG_7990_Easy-Resize.com-crop-718x1024.jpg","name":"large"},{"sourceUrl":"http://dev.dolgih.store/wp-content/uploads/2021/03/2201202105_IMG_7990_Easy-Resize.com-crop-150x150.jpg","name":"thumbnail"},{"sourceUrl":"http://dev.dolgih.store/wp-content/uploads/2021/03/2201202105_IMG_7990_Easy-Resize.com-crop-768x1096.jpg","name":"medium_large"},{"sourceUrl":"http://dev.dolgih.store/wp-content/uploads/2021/03/2201202105_IMG_7990_Easy-Resize.com-crop-270x430.jpg","name":"catalog-product"},{"sourceUrl":"http://dev.dolgih.store/wp-content/uploads/2021/03/2201202105_IMG_7990_Easy-Resize.com-crop-250x400.jpg","name":"single-product"},{"sourceUrl":"http://dev.dolgih.store/wp-content/uploads/2021/03/2201202105_IMG_7990_Easy-Resize.com-crop-300x300.jpg","name":"woocommerce_thumbnail"},{"sourceUrl":"http://dev.dolgih.store/wp-content/uploads/2021/03/2201202105_IMG_7990_Easy-Resize.com-crop-600x856.jpg","name":"woocommerce_single"},{"sourceUrl":"http://dev.dolgih.store/wp-content/uploads/2021/03/2201202105_IMG_7990_Easy-Resize.com-crop-100x100.jpg","name":"woocommerce_gallery_thumbnail"},{"sourceUrl":"http://dev.dolgih.store/wp-content/uploads/2021/03/2201202105_IMG_7990_Easy-Resize.com-crop-300x300.jpg","name":"shop_catalog"},{"sourceUrl":"http://dev.dolgih.store/wp-content/uploads/2021/03/2201202105_IMG_7990_Easy-Resize.com-crop-600x856.jpg","name":"shop_single"},{"sourceUrl":"http://dev.dolgih.store/wp-content/uploads/2021/03/2201202105_IMG_7990_Easy-Resize.com-crop-100x100.jpg","name":"shop_thumbnail"}]},"mediaItemUrl":"http://dev.dolgih.store/wp-content/uploads/2021/03/2201202105_IMG_7990_Easy-Resize.com-crop.jpg"},"slug":"adidas"}},{"node":{"id":"cHJvZHVjdDoyOQ==","name":"Зимняя куртка A5","sku":"art-2","onSale":false,"productCategories":{"nodes":[{"name":"Категория 2","slug":"cat-2","id":"dGVybToxODk="}]},"price":"20&nbsp;грн - 22&nbsp;грн","variations":{"nodes":[{"id":"cHJvZHVjdF92YXJpYXRpb246MTg0","attributes":{"nodes":[{"value":"l"}]}},{"id":"cHJvZHVjdF92YXJpYXRpb246MTg1","attributes":{"nodes":[{"value":"m"}]}},{"id":"cHJvZHVjdF92YXJpYXRpb246MTg2","attributes":{"nodes":[{"value":"s"}]}}]},"image":{"mediaDetails":{"sizes":[{"sourceUrl":"http://dev.dolgih.store/wp-content/uploads/2021/03/1212202003_photo_2020-12-12_00-03-18-crop-300x300.jpg","name":"woocommerce_thumbnail"},{"sourceUrl":"http://dev.dolgih.store/wp-content/uploads/2021/03/1212202003_photo_2020-12-12_00-03-18-crop-100x100.jpg","name":"woocommerce_gallery_thumbnail"},{"sourceUrl":"http://dev.dolgih.store/wp-content/uploads/2021/03/1212202003_photo_2020-12-12_00-03-18-crop-600x835.jpg","name":"woocommerce_single"},{"sourceUrl":"http://dev.dolgih.store/wp-content/uploads/2021/03/1212202003_photo_2020-12-12_00-03-18-crop-216x300.jpg","name":"medium"},{"sourceUrl":"http://dev.dolgih.store/wp-content/uploads/2021/03/1212202003_photo_2020-12-12_00-03-18-crop-736x1024.jpg","name":"large"},{"sourceUrl":"http://dev.dolgih.store/wp-content/uploads/2021/03/1212202003_photo_2020-12-12_00-03-18-crop-150x150.jpg","name":"thumbnail"},{"sourceUrl":"http://dev.dolgih.store/wp-content/uploads/2021/03/1212202003_photo_2020-12-12_00-03-18-crop-270x430.jpg","name":"catalog-product"},{"sourceUrl":"http://dev.dolgih.store/wp-content/uploads/2021/03/1212202003_photo_2020-12-12_00-03-18-crop-250x400.jpg","name":"single-product"},{"sourceUrl":"http://dev.dolgih.store/wp-content/uploads/2021/03/1212202003_photo_2020-12-12_00-03-18-crop-300x300.jpg","name":"shop_catalog"},{"sourceUrl":"http://dev.dolgih.store/wp-content/uploads/2021/03/1212202003_photo_2020-12-12_00-03-18-crop-600x835.jpg","name":"shop_single"},{"sourceUrl":"http://dev.dolgih.store/wp-content/uploads/2021/03/1212202003_photo_2020-12-12_00-03-18-crop-100x100.jpg","name":"shop_thumbnail"}]},"mediaItemUrl":"http://dev.dolgih.store/wp-content/uploads/2021/03/1212202003_photo_2020-12-12_00-03-18-crop.jpg"},"slug":"product-2"}},{"node":{"id":"cHJvZHVjdDoyOA==","name":"Зимняя куртка A6","sku":"058-05-Pr","onSale":false,"productCategories":{"nodes":[{"name":"Категория 1","slug":"cat-1","id":"dGVybToxODc="}]},"price":"1,240&nbsp;грн","variations":{"nodes":[{"id":"cHJvZHVjdF92YXJpYXRpb246MTI1","attributes":{"nodes":[{"value":"s"}]}},{"id":"cHJvZHVjdF92YXJpYXRpb246MTI3","attributes":{"nodes":[{"value":"m"}]}},{"id":"cHJvZHVjdF92YXJpYXRpb246MTI2","attributes":{"nodes":[{"value":"l"}]}}]},"image":{"mediaDetails":{"sizes":[{"sourceUrl":"http://dev.dolgih.store/wp-content/uploads/2021/03/2201202105_IMG_7990_Easy-Resize.com-crop-210x300.jpg","name":"medium"},{"sourceUrl":"http://dev.dolgih.store/wp-content/uploads/2021/03/2201202105_IMG_7990_Easy-Resize.com-crop-718x1024.jpg","name":"large"},{"sourceUrl":"http://dev.dolgih.store/wp-content/uploads/2021/03/2201202105_IMG_7990_Easy-Resize.com-crop-150x150.jpg","name":"thumbnail"},{"sourceUrl":"http://dev.dolgih.store/wp-content/uploads/2021/03/2201202105_IMG_7990_Easy-Resize.com-crop-768x1096.jpg","name":"medium_large"},{"sourceUrl":"http://dev.dolgih.store/wp-content/uploads/2021/03/2201202105_IMG_7990_Easy-Resize.com-crop-270x430.jpg","name":"catalog-product"},{"sourceUrl":"http://dev.dolgih.store/wp-content/uploads/2021/03/2201202105_IMG_7990_Easy-Resize.com-crop-250x400.jpg","name":"single-product"},{"sourceUrl":"http://dev.dolgih.store/wp-content/uploads/2021/03/2201202105_IMG_7990_Easy-Resize.com-crop-300x300.jpg","name":"woocommerce_thumbnail"},{"sourceUrl":"http://dev.dolgih.store/wp-content/uploads/2021/03/2201202105_IMG_7990_Easy-Resize.com-crop-600x856.jpg","name":"woocommerce_single"},{"sourceUrl":"http://dev.dolgih.store/wp-content/uploads/2021/03/2201202105_IMG_7990_Easy-Resize.com-crop-100x100.jpg","name":"woocommerce_gallery_thumbnail"},{"sourceUrl":"http://dev.dolgih.store/wp-content/uploads/2021/03/2201202105_IMG_7990_Easy-Resize.com-crop-300x300.jpg","name":"shop_catalog"},{"sourceUrl":"http://dev.dolgih.store/wp-content/uploads/2021/03/2201202105_IMG_7990_Easy-Resize.com-crop-600x856.jpg","name":"shop_single"},{"sourceUrl":"http://dev.dolgih.store/wp-content/uploads/2021/03/2201202105_IMG_7990_Easy-Resize.com-crop-100x100.jpg","name":"shop_thumbnail"}]},"mediaItemUrl":"http://dev.dolgih.store/wp-content/uploads/2021/03/2201202105_IMG_7990_Easy-Resize.com-crop.jpg"},"slug":"product-1"}}]}}}