{"/*":["X-Frame-Options: DENY","X-XSS-Protection: 1; mode=block","X-Content-Type-Options: nosniff","Referrer-Policy: same-origin"],"/styles.62911db4e192044b2a2b.css":["Cache-Control: public, max-age=31536000, immutable"],"/commons-6511940bd6e265e5412e.js":["Cache-Control: public, max-age=31536000, immutable"],"/component---src-templates-order-js-45e29c807461dbe9a646.js":["Cache-Control: public, max-age=31536000, immutable"],"/component---src-templates-user-js-8e148b1ae40f2e0d13e3.js":["Cache-Control: public, max-age=31536000, immutable"],"/component---src-templates-page-js-472260e208561bdbeff5.js":["Cache-Control: public, max-age=31536000, immutable"],"/component---src-templates-checkout-js-0def5bf7accab0436bfa.js":["Cache-Control: public, max-age=31536000, immutable"],"/component---src-templates-cart-js-8273ece9fd146195f9ad.js":["Cache-Control: public, max-age=31536000, immutable"],"/component---src-templates-save-js-e8c7f6cd8e713a2175d2.js":["Cache-Control: public, max-age=31536000, immutable"],"/component---src-templates-search-js-caba63528a71444f7975.js":["Cache-Control: public, max-age=31536000, immutable"],"/component---src-templates-product-js-c28a0c23fb94dc45cf32.js":["Cache-Control: public, max-age=31536000, immutable"],"/5daed4e855678aa6ff9fcf2c05171db884450d4e-92f3862f7dc0c84a22a1.js":["Cache-Control: public, max-age=31536000, immutable"],"/component---src-templates-category-product-js-c25217ebc011ef9443d9.js":["Cache-Control: public, max-age=31536000, immutable"],"/component---src-pages-404-js-65fd8f295b01d9a3d8f8.js":["Cache-Control: public, max-age=31536000, immutable"],"/component---src-pages-index-js-74386205dd1ae0abc67a.js":["Cache-Control: public, max-age=31536000, immutable"],"/component---src-pages-using-typescript-tsx-a9f9d659130f93478306.js":["Cache-Control: public, max-age=31536000, immutable"],"/webpack-runtime-22a7a6b77c04038a1b7b.js":["Cache-Control: public, max-age=31536000, immutable"],"/framework-c219ee771db40db04846.js":["Cache-Control: public, max-age=31536000, immutable"],"/dc6a8720040df98778fe970bf6c000a41750d3ae-dc9ca65779199dc1ae87.js":["Cache-Control: public, max-age=31536000, immutable"],"/app-ed676d678f7a2b6ea71e.js":["Cache-Control: public, max-age=31536000, immutable"],"/static/*":["Cache-Control: public, max-age=31536000, immutable"],"/sw.js":["Cache-Control: public, max-age=0, must-revalidate"],"/order":["Link: </webpack-runtime-22a7a6b77c04038a1b7b.js>; rel=preload; as=script; nopush","Link: </framework-c219ee771db40db04846.js>; rel=preload; as=script; nopush","Link: </dc6a8720040df98778fe970bf6c000a41750d3ae-dc9ca65779199dc1ae87.js>; rel=preload; as=script; nopush","Link: </app-ed676d678f7a2b6ea71e.js>; rel=preload; as=script; nopush","Link: </commons-6511940bd6e265e5412e.js>; rel=preload; as=script; nopush","Link: </component---src-templates-order-js-45e29c807461dbe9a646.js>; rel=preload; as=script; nopush","Link: </page-data/app-data.json>; rel=preload; as=fetch; crossorigin; nopush","Link: </page-data/order/page-data.json>; rel=preload; as=fetch; crossorigin; nopush"],"/user":["Link: </webpack-runtime-22a7a6b77c04038a1b7b.js>; rel=preload; as=script; nopush","Link: </framework-c219ee771db40db04846.js>; rel=preload; as=script; nopush","Link: </dc6a8720040df98778fe970bf6c000a41750d3ae-dc9ca65779199dc1ae87.js>; rel=preload; as=script; nopush","Link: </app-ed676d678f7a2b6ea71e.js>; rel=preload; as=script; nopush","Link: </commons-6511940bd6e265e5412e.js>; rel=preload; as=script; nopush","Link: </component---src-templates-user-js-8e148b1ae40f2e0d13e3.js>; rel=preload; as=script; nopush","Link: </page-data/app-data.json>; rel=preload; as=fetch; crossorigin; nopush","Link: </page-data/user/page-data.json>; rel=preload; as=fetch; crossorigin; nopush"],"/table":["Link: </webpack-runtime-22a7a6b77c04038a1b7b.js>; rel=preload; as=script; nopush","Link: </framework-c219ee771db40db04846.js>; rel=preload; as=script; nopush","Link: </dc6a8720040df98778fe970bf6c000a41750d3ae-dc9ca65779199dc1ae87.js>; rel=preload; as=script; nopush","Link: </app-ed676d678f7a2b6ea71e.js>; rel=preload; as=script; nopush","Link: </commons-6511940bd6e265e5412e.js>; rel=preload; as=script; nopush","Link: </component---src-templates-page-js-472260e208561bdbeff5.js>; rel=preload; as=script; nopush","Link: </page-data/app-data.json>; rel=preload; as=fetch; crossorigin; nopush","Link: </page-data/table/page-data.json>; rel=preload; as=fetch; crossorigin; nopush"],"/calc":["Link: </webpack-runtime-22a7a6b77c04038a1b7b.js>; rel=preload; as=script; nopush","Link: </framework-c219ee771db40db04846.js>; rel=preload; as=script; nopush","Link: </dc6a8720040df98778fe970bf6c000a41750d3ae-dc9ca65779199dc1ae87.js>; rel=preload; as=script; nopush","Link: </app-ed676d678f7a2b6ea71e.js>; rel=preload; as=script; nopush","Link: </commons-6511940bd6e265e5412e.js>; rel=preload; as=script; nopush","Link: </component---src-templates-page-js-472260e208561bdbeff5.js>; rel=preload; as=script; nopush","Link: </page-data/app-data.json>; rel=preload; as=fetch; crossorigin; nopush","Link: </page-data/calc/page-data.json>; rel=preload; as=fetch; crossorigin; nopush"],"/checkout":["Link: </webpack-runtime-22a7a6b77c04038a1b7b.js>; rel=preload; as=script; nopush","Link: </framework-c219ee771db40db04846.js>; rel=preload; as=script; nopush","Link: </dc6a8720040df98778fe970bf6c000a41750d3ae-dc9ca65779199dc1ae87.js>; rel=preload; as=script; nopush","Link: </app-ed676d678f7a2b6ea71e.js>; rel=preload; as=script; nopush","Link: </commons-6511940bd6e265e5412e.js>; rel=preload; as=script; nopush","Link: </component---src-templates-checkout-js-0def5bf7accab0436bfa.js>; rel=preload; as=script; nopush","Link: </page-data/app-data.json>; rel=preload; as=fetch; crossorigin; nopush","Link: </page-data/checkout/page-data.json>; rel=preload; as=fetch; crossorigin; nopush"],"/cart":["Link: </webpack-runtime-22a7a6b77c04038a1b7b.js>; rel=preload; as=script; nopush","Link: </framework-c219ee771db40db04846.js>; rel=preload; as=script; nopush","Link: </dc6a8720040df98778fe970bf6c000a41750d3ae-dc9ca65779199dc1ae87.js>; rel=preload; as=script; nopush","Link: </app-ed676d678f7a2b6ea71e.js>; rel=preload; as=script; nopush","Link: </commons-6511940bd6e265e5412e.js>; rel=preload; as=script; nopush","Link: </component---src-templates-cart-js-8273ece9fd146195f9ad.js>; rel=preload; as=script; nopush","Link: </page-data/app-data.json>; rel=preload; as=fetch; crossorigin; nopush","Link: </page-data/cart/page-data.json>; rel=preload; as=fetch; crossorigin; nopush"],"/save":["Link: </webpack-runtime-22a7a6b77c04038a1b7b.js>; rel=preload; as=script; nopush","Link: </framework-c219ee771db40db04846.js>; rel=preload; as=script; nopush","Link: </dc6a8720040df98778fe970bf6c000a41750d3ae-dc9ca65779199dc1ae87.js>; rel=preload; as=script; nopush","Link: </app-ed676d678f7a2b6ea71e.js>; rel=preload; as=script; nopush","Link: </commons-6511940bd6e265e5412e.js>; rel=preload; as=script; nopush","Link: </component---src-templates-save-js-e8c7f6cd8e713a2175d2.js>; rel=preload; as=script; nopush","Link: </page-data/app-data.json>; rel=preload; as=fetch; crossorigin; nopush","Link: </page-data/save/page-data.json>; rel=preload; as=fetch; crossorigin; nopush"],"/search":["Link: </webpack-runtime-22a7a6b77c04038a1b7b.js>; rel=preload; as=script; nopush","Link: </framework-c219ee771db40db04846.js>; rel=preload; as=script; nopush","Link: </dc6a8720040df98778fe970bf6c000a41750d3ae-dc9ca65779199dc1ae87.js>; rel=preload; as=script; nopush","Link: </app-ed676d678f7a2b6ea71e.js>; rel=preload; as=script; nopush","Link: </commons-6511940bd6e265e5412e.js>; rel=preload; as=script; nopush","Link: </component---src-templates-search-js-caba63528a71444f7975.js>; rel=preload; as=script; nopush","Link: </page-data/app-data.json>; rel=preload; as=fetch; crossorigin; nopush","Link: </page-data/search/page-data.json>; rel=preload; as=fetch; crossorigin; nopush"],"/home":["Link: </webpack-runtime-22a7a6b77c04038a1b7b.js>; rel=preload; as=script; nopush","Link: </framework-c219ee771db40db04846.js>; rel=preload; as=script; nopush","Link: </dc6a8720040df98778fe970bf6c000a41750d3ae-dc9ca65779199dc1ae87.js>; rel=preload; as=script; nopush","Link: </app-ed676d678f7a2b6ea71e.js>; rel=preload; as=script; nopush","Link: </commons-6511940bd6e265e5412e.js>; rel=preload; as=script; nopush","Link: </component---src-templates-page-js-472260e208561bdbeff5.js>; rel=preload; as=script; nopush","Link: </page-data/app-data.json>; rel=preload; as=fetch; crossorigin; nopush","Link: </page-data/home/page-data.json>; rel=preload; as=fetch; crossorigin; nopush"],"/shop/undefined/kurtka-065-01-pr":["Link: </webpack-runtime-22a7a6b77c04038a1b7b.js>; rel=preload; as=script; nopush","Link: </framework-c219ee771db40db04846.js>; rel=preload; as=script; nopush","Link: </dc6a8720040df98778fe970bf6c000a41750d3ae-dc9ca65779199dc1ae87.js>; rel=preload; as=script; nopush","Link: </app-ed676d678f7a2b6ea71e.js>; rel=preload; as=script; nopush","Link: </commons-6511940bd6e265e5412e.js>; rel=preload; as=script; nopush","Link: </component---src-templates-product-js-c28a0c23fb94dc45cf32.js>; rel=preload; as=script; nopush","Link: </page-data/app-data.json>; rel=preload; as=fetch; crossorigin; nopush","Link: </page-data/shop/undefined/kurtka-065-01-pr/page-data.json>; rel=preload; as=fetch; crossorigin; nopush"],"/shop/undefined/kostyum-sportivnyj-305-110-pr-chernyj":["Link: </webpack-runtime-22a7a6b77c04038a1b7b.js>; rel=preload; as=script; nopush","Link: </framework-c219ee771db40db04846.js>; rel=preload; as=script; nopush","Link: </dc6a8720040df98778fe970bf6c000a41750d3ae-dc9ca65779199dc1ae87.js>; rel=preload; as=script; nopush","Link: </app-ed676d678f7a2b6ea71e.js>; rel=preload; as=script; nopush","Link: </commons-6511940bd6e265e5412e.js>; rel=preload; as=script; nopush","Link: </component---src-templates-product-js-c28a0c23fb94dc45cf32.js>; rel=preload; as=script; nopush","Link: </page-data/app-data.json>; rel=preload; as=fetch; crossorigin; nopush","Link: </page-data/shop/undefined/kostyum-sportivnyj-305-110-pr-chernyj/page-data.json>; rel=preload; as=fetch; crossorigin; nopush"],"/shop/undefined/adidas-4":["Link: </webpack-runtime-22a7a6b77c04038a1b7b.js>; rel=preload; as=script; nopush","Link: </framework-c219ee771db40db04846.js>; rel=preload; as=script; nopush","Link: </dc6a8720040df98778fe970bf6c000a41750d3ae-dc9ca65779199dc1ae87.js>; rel=preload; as=script; nopush","Link: </app-ed676d678f7a2b6ea71e.js>; rel=preload; as=script; nopush","Link: </commons-6511940bd6e265e5412e.js>; rel=preload; as=script; nopush","Link: </component---src-templates-product-js-c28a0c23fb94dc45cf32.js>; rel=preload; as=script; nopush","Link: </page-data/app-data.json>; rel=preload; as=fetch; crossorigin; nopush","Link: </page-data/shop/undefined/adidas-4/page-data.json>; rel=preload; as=fetch; crossorigin; nopush"],"/shop/undefined/adidas-3":["Link: </webpack-runtime-22a7a6b77c04038a1b7b.js>; rel=preload; as=script; nopush","Link: </framework-c219ee771db40db04846.js>; rel=preload; as=script; nopush","Link: </dc6a8720040df98778fe970bf6c000a41750d3ae-dc9ca65779199dc1ae87.js>; rel=preload; as=script; nopush","Link: </app-ed676d678f7a2b6ea71e.js>; rel=preload; as=script; nopush","Link: </commons-6511940bd6e265e5412e.js>; rel=preload; as=script; nopush","Link: </component---src-templates-product-js-c28a0c23fb94dc45cf32.js>; rel=preload; as=script; nopush","Link: </page-data/app-data.json>; rel=preload; as=fetch; crossorigin; nopush","Link: </page-data/shop/undefined/adidas-3/page-data.json>; rel=preload; as=fetch; crossorigin; nopush"],"/shop/undefined/adidas-2":["Link: </webpack-runtime-22a7a6b77c04038a1b7b.js>; rel=preload; as=script; nopush","Link: </framework-c219ee771db40db04846.js>; rel=preload; as=script; nopush","Link: </dc6a8720040df98778fe970bf6c000a41750d3ae-dc9ca65779199dc1ae87.js>; rel=preload; as=script; nopush","Link: </app-ed676d678f7a2b6ea71e.js>; rel=preload; as=script; nopush","Link: </commons-6511940bd6e265e5412e.js>; rel=preload; as=script; nopush","Link: </component---src-templates-product-js-c28a0c23fb94dc45cf32.js>; rel=preload; as=script; nopush","Link: </page-data/app-data.json>; rel=preload; as=fetch; crossorigin; nopush","Link: </page-data/shop/undefined/adidas-2/page-data.json>; rel=preload; as=fetch; crossorigin; nopush"],"/shop/undefined/adidas":["Link: </webpack-runtime-22a7a6b77c04038a1b7b.js>; rel=preload; as=script; nopush","Link: </framework-c219ee771db40db04846.js>; rel=preload; as=script; nopush","Link: </dc6a8720040df98778fe970bf6c000a41750d3ae-dc9ca65779199dc1ae87.js>; rel=preload; as=script; nopush","Link: </app-ed676d678f7a2b6ea71e.js>; rel=preload; as=script; nopush","Link: </commons-6511940bd6e265e5412e.js>; rel=preload; as=script; nopush","Link: </component---src-templates-product-js-c28a0c23fb94dc45cf32.js>; rel=preload; as=script; nopush","Link: </page-data/app-data.json>; rel=preload; as=fetch; crossorigin; nopush","Link: </page-data/shop/undefined/adidas/page-data.json>; rel=preload; as=fetch; crossorigin; nopush"],"/shop/undefined/product-2":["Link: </webpack-runtime-22a7a6b77c04038a1b7b.js>; rel=preload; as=script; nopush","Link: </framework-c219ee771db40db04846.js>; rel=preload; as=script; nopush","Link: </dc6a8720040df98778fe970bf6c000a41750d3ae-dc9ca65779199dc1ae87.js>; rel=preload; as=script; nopush","Link: </app-ed676d678f7a2b6ea71e.js>; rel=preload; as=script; nopush","Link: </commons-6511940bd6e265e5412e.js>; rel=preload; as=script; nopush","Link: </component---src-templates-product-js-c28a0c23fb94dc45cf32.js>; rel=preload; as=script; nopush","Link: </page-data/app-data.json>; rel=preload; as=fetch; crossorigin; nopush","Link: </page-data/shop/undefined/product-2/page-data.json>; rel=preload; as=fetch; crossorigin; nopush"],"/shop/undefined/product-1":["Link: </webpack-runtime-22a7a6b77c04038a1b7b.js>; rel=preload; as=script; nopush","Link: </framework-c219ee771db40db04846.js>; rel=preload; as=script; nopush","Link: </dc6a8720040df98778fe970bf6c000a41750d3ae-dc9ca65779199dc1ae87.js>; rel=preload; as=script; nopush","Link: </app-ed676d678f7a2b6ea71e.js>; rel=preload; as=script; nopush","Link: </commons-6511940bd6e265e5412e.js>; rel=preload; as=script; nopush","Link: </component---src-templates-product-js-c28a0c23fb94dc45cf32.js>; rel=preload; as=script; nopush","Link: </page-data/app-data.json>; rel=preload; as=fetch; crossorigin; nopush","Link: </page-data/shop/undefined/product-1/page-data.json>; rel=preload; as=fetch; crossorigin; nopush"],"/product-category/uncategorized":["Link: </webpack-runtime-22a7a6b77c04038a1b7b.js>; rel=preload; as=script; nopush","Link: </framework-c219ee771db40db04846.js>; rel=preload; as=script; nopush","Link: </dc6a8720040df98778fe970bf6c000a41750d3ae-dc9ca65779199dc1ae87.js>; rel=preload; as=script; nopush","Link: </app-ed676d678f7a2b6ea71e.js>; rel=preload; as=script; nopush","Link: </commons-6511940bd6e265e5412e.js>; rel=preload; as=script; nopush","Link: </5daed4e855678aa6ff9fcf2c05171db884450d4e-92f3862f7dc0c84a22a1.js>; rel=preload; as=script; nopush","Link: </component---src-templates-category-product-js-c25217ebc011ef9443d9.js>; rel=preload; as=script; nopush","Link: </page-data/app-data.json>; rel=preload; as=fetch; crossorigin; nopush","Link: </page-data/product-category/uncategorized/page-data.json>; rel=preload; as=fetch; crossorigin; nopush"],"/product-category/man-kurtki-anoraki":["Link: </webpack-runtime-22a7a6b77c04038a1b7b.js>; rel=preload; as=script; nopush","Link: </framework-c219ee771db40db04846.js>; rel=preload; as=script; nopush","Link: </dc6a8720040df98778fe970bf6c000a41750d3ae-dc9ca65779199dc1ae87.js>; rel=preload; as=script; nopush","Link: </app-ed676d678f7a2b6ea71e.js>; rel=preload; as=script; nopush","Link: </commons-6511940bd6e265e5412e.js>; rel=preload; as=script; nopush","Link: </5daed4e855678aa6ff9fcf2c05171db884450d4e-92f3862f7dc0c84a22a1.js>; rel=preload; as=script; nopush","Link: </component---src-templates-category-product-js-c25217ebc011ef9443d9.js>; rel=preload; as=script; nopush","Link: </page-data/app-data.json>; rel=preload; as=fetch; crossorigin; nopush","Link: </page-data/product-category/man-kurtki-anoraki/page-data.json>; rel=preload; as=fetch; crossorigin; nopush"],"/product-category/man-accessories-bananki":["Link: </webpack-runtime-22a7a6b77c04038a1b7b.js>; rel=preload; as=script; nopush","Link: </framework-c219ee771db40db04846.js>; rel=preload; as=script; nopush","Link: </dc6a8720040df98778fe970bf6c000a41750d3ae-dc9ca65779199dc1ae87.js>; rel=preload; as=script; nopush","Link: </app-ed676d678f7a2b6ea71e.js>; rel=preload; as=script; nopush","Link: </commons-6511940bd6e265e5412e.js>; rel=preload; as=script; nopush","Link: </5daed4e855678aa6ff9fcf2c05171db884450d4e-92f3862f7dc0c84a22a1.js>; rel=preload; as=script; nopush","Link: </component---src-templates-category-product-js-c25217ebc011ef9443d9.js>; rel=preload; as=script; nopush","Link: </page-data/app-data.json>; rel=preload; as=fetch; crossorigin; nopush","Link: </page-data/product-category/man-accessories-bananki/page-data.json>; rel=preload; as=fetch; crossorigin; nopush"],"/product-category/man-accessories-barsetki":["Link: </webpack-runtime-22a7a6b77c04038a1b7b.js>; rel=preload; as=script; nopush","Link: </framework-c219ee771db40db04846.js>; rel=preload; as=script; nopush","Link: </dc6a8720040df98778fe970bf6c000a41750d3ae-dc9ca65779199dc1ae87.js>; rel=preload; as=script; nopush","Link: </app-ed676d678f7a2b6ea71e.js>; rel=preload; as=script; nopush","Link: </commons-6511940bd6e265e5412e.js>; rel=preload; as=script; nopush","Link: </5daed4e855678aa6ff9fcf2c05171db884450d4e-92f3862f7dc0c84a22a1.js>; rel=preload; as=script; nopush","Link: </component---src-templates-category-product-js-c25217ebc011ef9443d9.js>; rel=preload; as=script; nopush","Link: </page-data/app-data.json>; rel=preload; as=fetch; crossorigin; nopush","Link: </page-data/product-category/man-accessories-barsetki/page-data.json>; rel=preload; as=fetch; crossorigin; nopush"],"/product-category/man-kofty-bomber":["Link: </webpack-runtime-22a7a6b77c04038a1b7b.js>; rel=preload; as=script; nopush","Link: </framework-c219ee771db40db04846.js>; rel=preload; as=script; nopush","Link: </dc6a8720040df98778fe970bf6c000a41750d3ae-dc9ca65779199dc1ae87.js>; rel=preload; as=script; nopush","Link: </app-ed676d678f7a2b6ea71e.js>; rel=preload; as=script; nopush","Link: </commons-6511940bd6e265e5412e.js>; rel=preload; as=script; nopush","Link: </5daed4e855678aa6ff9fcf2c05171db884450d4e-92f3862f7dc0c84a22a1.js>; rel=preload; as=script; nopush","Link: </component---src-templates-category-product-js-c25217ebc011ef9443d9.js>; rel=preload; as=script; nopush","Link: </page-data/app-data.json>; rel=preload; as=fetch; crossorigin; nopush","Link: </page-data/product-category/man-kofty-bomber/page-data.json>; rel=preload; as=fetch; crossorigin; nopush"],"/product-category/man-kurtki-bomber":["Link: </webpack-runtime-22a7a6b77c04038a1b7b.js>; rel=preload; as=script; nopush","Link: </framework-c219ee771db40db04846.js>; rel=preload; as=script; nopush","Link: </dc6a8720040df98778fe970bf6c000a41750d3ae-dc9ca65779199dc1ae87.js>; rel=preload; as=script; nopush","Link: </app-ed676d678f7a2b6ea71e.js>; rel=preload; as=script; nopush","Link: </commons-6511940bd6e265e5412e.js>; rel=preload; as=script; nopush","Link: </5daed4e855678aa6ff9fcf2c05171db884450d4e-92f3862f7dc0c84a22a1.js>; rel=preload; as=script; nopush","Link: </component---src-templates-category-product-js-c25217ebc011ef9443d9.js>; rel=preload; as=script; nopush","Link: </page-data/app-data.json>; rel=preload; as=fetch; crossorigin; nopush","Link: </page-data/product-category/man-kurtki-bomber/page-data.json>; rel=preload; as=fetch; crossorigin; nopush"],"/product-category/man-futbolki-brend":["Link: </webpack-runtime-22a7a6b77c04038a1b7b.js>; rel=preload; as=script; nopush","Link: </framework-c219ee771db40db04846.js>; rel=preload; as=script; nopush","Link: </dc6a8720040df98778fe970bf6c000a41750d3ae-dc9ca65779199dc1ae87.js>; rel=preload; as=script; nopush","Link: </app-ed676d678f7a2b6ea71e.js>; rel=preload; as=script; nopush","Link: </commons-6511940bd6e265e5412e.js>; rel=preload; as=script; nopush","Link: </5daed4e855678aa6ff9fcf2c05171db884450d4e-92f3862f7dc0c84a22a1.js>; rel=preload; as=script; nopush","Link: </component---src-templates-category-product-js-c25217ebc011ef9443d9.js>; rel=preload; as=script; nopush","Link: </page-data/app-data.json>; rel=preload; as=fetch; crossorigin; nopush","Link: </page-data/product-category/man-futbolki-brend/page-data.json>; rel=preload; as=fetch; crossorigin; nopush"],"/product-category/man-kurtki-vetrovki":["Link: </webpack-runtime-22a7a6b77c04038a1b7b.js>; rel=preload; as=script; nopush","Link: </framework-c219ee771db40db04846.js>; rel=preload; as=script; nopush","Link: </dc6a8720040df98778fe970bf6c000a41750d3ae-dc9ca65779199dc1ae87.js>; rel=preload; as=script; nopush","Link: </app-ed676d678f7a2b6ea71e.js>; rel=preload; as=script; nopush","Link: </commons-6511940bd6e265e5412e.js>; rel=preload; as=script; nopush","Link: </5daed4e855678aa6ff9fcf2c05171db884450d4e-92f3862f7dc0c84a22a1.js>; rel=preload; as=script; nopush","Link: </component---src-templates-category-product-js-c25217ebc011ef9443d9.js>; rel=preload; as=script; nopush","Link: </page-data/app-data.json>; rel=preload; as=fetch; crossorigin; nopush","Link: </page-data/product-category/man-kurtki-vetrovki/page-data.json>; rel=preload; as=fetch; crossorigin; nopush"],"/product-category/man-kofty-vyazka":["Link: </webpack-runtime-22a7a6b77c04038a1b7b.js>; rel=preload; as=script; nopush","Link: </framework-c219ee771db40db04846.js>; rel=preload; as=script; nopush","Link: </dc6a8720040df98778fe970bf6c000a41750d3ae-dc9ca65779199dc1ae87.js>; rel=preload; as=script; nopush","Link: </app-ed676d678f7a2b6ea71e.js>; rel=preload; as=script; nopush","Link: </commons-6511940bd6e265e5412e.js>; rel=preload; as=script; nopush","Link: </5daed4e855678aa6ff9fcf2c05171db884450d4e-92f3862f7dc0c84a22a1.js>; rel=preload; as=script; nopush","Link: </component---src-templates-category-product-js-c25217ebc011ef9443d9.js>; rel=preload; as=script; nopush","Link: </page-data/app-data.json>; rel=preload; as=fetch; crossorigin; nopush","Link: </page-data/product-category/man-kofty-vyazka/page-data.json>; rel=preload; as=fetch; crossorigin; nopush"],"/product-category/man-shtany-galife":["Link: </webpack-runtime-22a7a6b77c04038a1b7b.js>; rel=preload; as=script; nopush","Link: </framework-c219ee771db40db04846.js>; rel=preload; as=script; nopush","Link: </dc6a8720040df98778fe970bf6c000a41750d3ae-dc9ca65779199dc1ae87.js>; rel=preload; as=script; nopush","Link: </app-ed676d678f7a2b6ea71e.js>; rel=preload; as=script; nopush","Link: </commons-6511940bd6e265e5412e.js>; rel=preload; as=script; nopush","Link: </5daed4e855678aa6ff9fcf2c05171db884450d4e-92f3862f7dc0c84a22a1.js>; rel=preload; as=script; nopush","Link: </component---src-templates-category-product-js-c25217ebc011ef9443d9.js>; rel=preload; as=script; nopush","Link: </page-data/app-data.json>; rel=preload; as=fetch; crossorigin; nopush","Link: </page-data/product-category/man-shtany-galife/page-data.json>; rel=preload; as=fetch; crossorigin; nopush"],"/product-category/man-accessories":["Link: </webpack-runtime-22a7a6b77c04038a1b7b.js>; rel=preload; as=script; nopush","Link: </framework-c219ee771db40db04846.js>; rel=preload; as=script; nopush","Link: </dc6a8720040df98778fe970bf6c000a41750d3ae-dc9ca65779199dc1ae87.js>; rel=preload; as=script; nopush","Link: </app-ed676d678f7a2b6ea71e.js>; rel=preload; as=script; nopush","Link: </commons-6511940bd6e265e5412e.js>; rel=preload; as=script; nopush","Link: </5daed4e855678aa6ff9fcf2c05171db884450d4e-92f3862f7dc0c84a22a1.js>; rel=preload; as=script; nopush","Link: </component---src-templates-category-product-js-c25217ebc011ef9443d9.js>; rel=preload; as=script; nopush","Link: </page-data/app-data.json>; rel=preload; as=fetch; crossorigin; nopush","Link: </page-data/product-category/man-accessories/page-data.json>; rel=preload; as=fetch; crossorigin; nopush"],"/product-category/man-kostyumy-demisezon":["Link: </webpack-runtime-22a7a6b77c04038a1b7b.js>; rel=preload; as=script; nopush","Link: </framework-c219ee771db40db04846.js>; rel=preload; as=script; nopush","Link: </dc6a8720040df98778fe970bf6c000a41750d3ae-dc9ca65779199dc1ae87.js>; rel=preload; as=script; nopush","Link: </app-ed676d678f7a2b6ea71e.js>; rel=preload; as=script; nopush","Link: </commons-6511940bd6e265e5412e.js>; rel=preload; as=script; nopush","Link: </5daed4e855678aa6ff9fcf2c05171db884450d4e-92f3862f7dc0c84a22a1.js>; rel=preload; as=script; nopush","Link: </component---src-templates-category-product-js-c25217ebc011ef9443d9.js>; rel=preload; as=script; nopush","Link: </page-data/app-data.json>; rel=preload; as=fetch; crossorigin; nopush","Link: </page-data/product-category/man-kostyumy-demisezon/page-data.json>; rel=preload; as=fetch; crossorigin; nopush"],"/product-category/man-kurtki-demisezon":["Link: </webpack-runtime-22a7a6b77c04038a1b7b.js>; rel=preload; as=script; nopush","Link: </framework-c219ee771db40db04846.js>; rel=preload; as=script; nopush","Link: </dc6a8720040df98778fe970bf6c000a41750d3ae-dc9ca65779199dc1ae87.js>; rel=preload; as=script; nopush","Link: </app-ed676d678f7a2b6ea71e.js>; rel=preload; as=script; nopush","Link: </commons-6511940bd6e265e5412e.js>; rel=preload; as=script; nopush","Link: </5daed4e855678aa6ff9fcf2c05171db884450d4e-92f3862f7dc0c84a22a1.js>; rel=preload; as=script; nopush","Link: </component---src-templates-category-product-js-c25217ebc011ef9443d9.js>; rel=preload; as=script; nopush","Link: </page-data/app-data.json>; rel=preload; as=fetch; crossorigin; nopush","Link: </page-data/product-category/man-kurtki-demisezon/page-data.json>; rel=preload; as=fetch; crossorigin; nopush"],"/product-category/detskaya-odezhda":["Link: </webpack-runtime-22a7a6b77c04038a1b7b.js>; rel=preload; as=script; nopush","Link: </framework-c219ee771db40db04846.js>; rel=preload; as=script; nopush","Link: </dc6a8720040df98778fe970bf6c000a41750d3ae-dc9ca65779199dc1ae87.js>; rel=preload; as=script; nopush","Link: </app-ed676d678f7a2b6ea71e.js>; rel=preload; as=script; nopush","Link: </commons-6511940bd6e265e5412e.js>; rel=preload; as=script; nopush","Link: </5daed4e855678aa6ff9fcf2c05171db884450d4e-92f3862f7dc0c84a22a1.js>; rel=preload; as=script; nopush","Link: </component---src-templates-category-product-js-c25217ebc011ef9443d9.js>; rel=preload; as=script; nopush","Link: </page-data/app-data.json>; rel=preload; as=fetch; crossorigin; nopush","Link: </page-data/product-category/detskaya-odezhda/page-data.json>; rel=preload; as=fetch; crossorigin; nopush"],"/product-category/man-shtany-jeans":["Link: </webpack-runtime-22a7a6b77c04038a1b7b.js>; rel=preload; as=script; nopush","Link: </framework-c219ee771db40db04846.js>; rel=preload; as=script; nopush","Link: </dc6a8720040df98778fe970bf6c000a41750d3ae-dc9ca65779199dc1ae87.js>; rel=preload; as=script; nopush","Link: </app-ed676d678f7a2b6ea71e.js>; rel=preload; as=script; nopush","Link: </commons-6511940bd6e265e5412e.js>; rel=preload; as=script; nopush","Link: </5daed4e855678aa6ff9fcf2c05171db884450d4e-92f3862f7dc0c84a22a1.js>; rel=preload; as=script; nopush","Link: </component---src-templates-category-product-js-c25217ebc011ef9443d9.js>; rel=preload; as=script; nopush","Link: </page-data/app-data.json>; rel=preload; as=fetch; crossorigin; nopush","Link: </page-data/product-category/man-shtany-jeans/page-data.json>; rel=preload; as=fetch; crossorigin; nopush"],"/product-category/man-shtany-dzhogery":["Link: </webpack-runtime-22a7a6b77c04038a1b7b.js>; rel=preload; as=script; nopush","Link: </framework-c219ee771db40db04846.js>; rel=preload; as=script; nopush","Link: </dc6a8720040df98778fe970bf6c000a41750d3ae-dc9ca65779199dc1ae87.js>; rel=preload; as=script; nopush","Link: </app-ed676d678f7a2b6ea71e.js>; rel=preload; as=script; nopush","Link: </commons-6511940bd6e265e5412e.js>; rel=preload; as=script; nopush","Link: </5daed4e855678aa6ff9fcf2c05171db884450d4e-92f3862f7dc0c84a22a1.js>; rel=preload; as=script; nopush","Link: </component---src-templates-category-product-js-c25217ebc011ef9443d9.js>; rel=preload; as=script; nopush","Link: </page-data/app-data.json>; rel=preload; as=fetch; crossorigin; nopush","Link: </page-data/product-category/man-shtany-dzhogery/page-data.json>; rel=preload; as=fetch; crossorigin; nopush"],"/product-category/zhenskaya-odezhda":["Link: </webpack-runtime-22a7a6b77c04038a1b7b.js>; rel=preload; as=script; nopush","Link: </framework-c219ee771db40db04846.js>; rel=preload; as=script; nopush","Link: </dc6a8720040df98778fe970bf6c000a41750d3ae-dc9ca65779199dc1ae87.js>; rel=preload; as=script; nopush","Link: </app-ed676d678f7a2b6ea71e.js>; rel=preload; as=script; nopush","Link: </commons-6511940bd6e265e5412e.js>; rel=preload; as=script; nopush","Link: </5daed4e855678aa6ff9fcf2c05171db884450d4e-92f3862f7dc0c84a22a1.js>; rel=preload; as=script; nopush","Link: </component---src-templates-category-product-js-c25217ebc011ef9443d9.js>; rel=preload; as=script; nopush","Link: </page-data/app-data.json>; rel=preload; as=fetch; crossorigin; nopush","Link: </page-data/product-category/zhenskaya-odezhda/page-data.json>; rel=preload; as=fetch; crossorigin; nopush"],"/product-category/man-kurtki-zhiletki":["Link: </webpack-runtime-22a7a6b77c04038a1b7b.js>; rel=preload; as=script; nopush","Link: </framework-c219ee771db40db04846.js>; rel=preload; as=script; nopush","Link: </dc6a8720040df98778fe970bf6c000a41750d3ae-dc9ca65779199dc1ae87.js>; rel=preload; as=script; nopush","Link: </app-ed676d678f7a2b6ea71e.js>; rel=preload; as=script; nopush","Link: </commons-6511940bd6e265e5412e.js>; rel=preload; as=script; nopush","Link: </5daed4e855678aa6ff9fcf2c05171db884450d4e-92f3862f7dc0c84a22a1.js>; rel=preload; as=script; nopush","Link: </component---src-templates-category-product-js-c25217ebc011ef9443d9.js>; rel=preload; as=script; nopush","Link: </page-data/app-data.json>; rel=preload; as=fetch; crossorigin; nopush","Link: </page-data/product-category/man-kurtki-zhiletki/page-data.json>; rel=preload; as=fetch; crossorigin; nopush"],"/product-category/man-kurtki-zima":["Link: </webpack-runtime-22a7a6b77c04038a1b7b.js>; rel=preload; as=script; nopush","Link: </framework-c219ee771db40db04846.js>; rel=preload; as=script; nopush","Link: </dc6a8720040df98778fe970bf6c000a41750d3ae-dc9ca65779199dc1ae87.js>; rel=preload; as=script; nopush","Link: </app-ed676d678f7a2b6ea71e.js>; rel=preload; as=script; nopush","Link: </commons-6511940bd6e265e5412e.js>; rel=preload; as=script; nopush","Link: </5daed4e855678aa6ff9fcf2c05171db884450d4e-92f3862f7dc0c84a22a1.js>; rel=preload; as=script; nopush","Link: </component---src-templates-category-product-js-c25217ebc011ef9443d9.js>; rel=preload; as=script; nopush","Link: </page-data/app-data.json>; rel=preload; as=fetch; crossorigin; nopush","Link: </page-data/product-category/man-kurtki-zima/page-data.json>; rel=preload; as=fetch; crossorigin; nopush"],"/product-category/man-kostyumy-zima":["Link: </webpack-runtime-22a7a6b77c04038a1b7b.js>; rel=preload; as=script; nopush","Link: </framework-c219ee771db40db04846.js>; rel=preload; as=script; nopush","Link: </dc6a8720040df98778fe970bf6c000a41750d3ae-dc9ca65779199dc1ae87.js>; rel=preload; as=script; nopush","Link: </app-ed676d678f7a2b6ea71e.js>; rel=preload; as=script; nopush","Link: </commons-6511940bd6e265e5412e.js>; rel=preload; as=script; nopush","Link: </5daed4e855678aa6ff9fcf2c05171db884450d4e-92f3862f7dc0c84a22a1.js>; rel=preload; as=script; nopush","Link: </component---src-templates-category-product-js-c25217ebc011ef9443d9.js>; rel=preload; as=script; nopush","Link: </page-data/app-data.json>; rel=preload; as=fetch; crossorigin; nopush","Link: </page-data/product-category/man-kostyumy-zima/page-data.json>; rel=preload; as=fetch; crossorigin; nopush"],"/product-category/man-shorty-kargo":["Link: </webpack-runtime-22a7a6b77c04038a1b7b.js>; rel=preload; as=script; nopush","Link: </framework-c219ee771db40db04846.js>; rel=preload; as=script; nopush","Link: </dc6a8720040df98778fe970bf6c000a41750d3ae-dc9ca65779199dc1ae87.js>; rel=preload; as=script; nopush","Link: </app-ed676d678f7a2b6ea71e.js>; rel=preload; as=script; nopush","Link: </commons-6511940bd6e265e5412e.js>; rel=preload; as=script; nopush","Link: </5daed4e855678aa6ff9fcf2c05171db884450d4e-92f3862f7dc0c84a22a1.js>; rel=preload; as=script; nopush","Link: </component---src-templates-category-product-js-c25217ebc011ef9443d9.js>; rel=preload; as=script; nopush","Link: </page-data/app-data.json>; rel=preload; as=fetch; crossorigin; nopush","Link: </page-data/product-category/man-shorty-kargo/page-data.json>; rel=preload; as=fetch; crossorigin; nopush"],"/product-category/man-shtany-kargo":["Link: </webpack-runtime-22a7a6b77c04038a1b7b.js>; rel=preload; as=script; nopush","Link: </framework-c219ee771db40db04846.js>; rel=preload; as=script; nopush","Link: </dc6a8720040df98778fe970bf6c000a41750d3ae-dc9ca65779199dc1ae87.js>; rel=preload; as=script; nopush","Link: </app-ed676d678f7a2b6ea71e.js>; rel=preload; as=script; nopush","Link: </commons-6511940bd6e265e5412e.js>; rel=preload; as=script; nopush","Link: </5daed4e855678aa6ff9fcf2c05171db884450d4e-92f3862f7dc0c84a22a1.js>; rel=preload; as=script; nopush","Link: </component---src-templates-category-product-js-c25217ebc011ef9443d9.js>; rel=preload; as=script; nopush","Link: </page-data/app-data.json>; rel=preload; as=fetch; crossorigin; nopush","Link: </page-data/product-category/man-shtany-kargo/page-data.json>; rel=preload; as=fetch; crossorigin; nopush"],"/product-category/man-accessories-kepki":["Link: </webpack-runtime-22a7a6b77c04038a1b7b.js>; rel=preload; as=script; nopush","Link: </framework-c219ee771db40db04846.js>; rel=preload; as=script; nopush","Link: </dc6a8720040df98778fe970bf6c000a41750d3ae-dc9ca65779199dc1ae87.js>; rel=preload; as=script; nopush","Link: </app-ed676d678f7a2b6ea71e.js>; rel=preload; as=script; nopush","Link: </commons-6511940bd6e265e5412e.js>; rel=preload; as=script; nopush","Link: </5daed4e855678aa6ff9fcf2c05171db884450d4e-92f3862f7dc0c84a22a1.js>; rel=preload; as=script; nopush","Link: </component---src-templates-category-product-js-c25217ebc011ef9443d9.js>; rel=preload; as=script; nopush","Link: </page-data/app-data.json>; rel=preload; as=fetch; crossorigin; nopush","Link: </page-data/product-category/man-accessories-kepki/page-data.json>; rel=preload; as=fetch; crossorigin; nopush"],"/product-category/man-shtany-klassic":["Link: </webpack-runtime-22a7a6b77c04038a1b7b.js>; rel=preload; as=script; nopush","Link: </framework-c219ee771db40db04846.js>; rel=preload; as=script; nopush","Link: </dc6a8720040df98778fe970bf6c000a41750d3ae-dc9ca65779199dc1ae87.js>; rel=preload; as=script; nopush","Link: </app-ed676d678f7a2b6ea71e.js>; rel=preload; as=script; nopush","Link: </commons-6511940bd6e265e5412e.js>; rel=preload; as=script; nopush","Link: </5daed4e855678aa6ff9fcf2c05171db884450d4e-92f3862f7dc0c84a22a1.js>; rel=preload; as=script; nopush","Link: </component---src-templates-category-product-js-c25217ebc011ef9443d9.js>; rel=preload; as=script; nopush","Link: </page-data/app-data.json>; rel=preload; as=fetch; crossorigin; nopush","Link: </page-data/product-category/man-shtany-klassic/page-data.json>; rel=preload; as=fetch; crossorigin; nopush"],"/product-category/man-kostyumy":["Link: </webpack-runtime-22a7a6b77c04038a1b7b.js>; rel=preload; as=script; nopush","Link: </framework-c219ee771db40db04846.js>; rel=preload; as=script; nopush","Link: </dc6a8720040df98778fe970bf6c000a41750d3ae-dc9ca65779199dc1ae87.js>; rel=preload; as=script; nopush","Link: </app-ed676d678f7a2b6ea71e.js>; rel=preload; as=script; nopush","Link: </commons-6511940bd6e265e5412e.js>; rel=preload; as=script; nopush","Link: </5daed4e855678aa6ff9fcf2c05171db884450d4e-92f3862f7dc0c84a22a1.js>; rel=preload; as=script; nopush","Link: </component---src-templates-category-product-js-c25217ebc011ef9443d9.js>; rel=preload; as=script; nopush","Link: </page-data/app-data.json>; rel=preload; as=fetch; crossorigin; nopush","Link: </page-data/product-category/man-kostyumy/page-data.json>; rel=preload; as=fetch; crossorigin; nopush"],"/product-category/man-kurtki-kosuhi":["Link: </webpack-runtime-22a7a6b77c04038a1b7b.js>; rel=preload; as=script; nopush","Link: </framework-c219ee771db40db04846.js>; rel=preload; as=script; nopush","Link: </dc6a8720040df98778fe970bf6c000a41750d3ae-dc9ca65779199dc1ae87.js>; rel=preload; as=script; nopush","Link: </app-ed676d678f7a2b6ea71e.js>; rel=preload; as=script; nopush","Link: </commons-6511940bd6e265e5412e.js>; rel=preload; as=script; nopush","Link: </5daed4e855678aa6ff9fcf2c05171db884450d4e-92f3862f7dc0c84a22a1.js>; rel=preload; as=script; nopush","Link: </component---src-templates-category-product-js-c25217ebc011ef9443d9.js>; rel=preload; as=script; nopush","Link: </page-data/app-data.json>; rel=preload; as=fetch; crossorigin; nopush","Link: </page-data/product-category/man-kurtki-kosuhi/page-data.json>; rel=preload; as=fetch; crossorigin; nopush"],"/product-category/man-kofty":["Link: </webpack-runtime-22a7a6b77c04038a1b7b.js>; rel=preload; as=script; nopush","Link: </framework-c219ee771db40db04846.js>; rel=preload; as=script; nopush","Link: </dc6a8720040df98778fe970bf6c000a41750d3ae-dc9ca65779199dc1ae87.js>; rel=preload; as=script; nopush","Link: </app-ed676d678f7a2b6ea71e.js>; rel=preload; as=script; nopush","Link: </commons-6511940bd6e265e5412e.js>; rel=preload; as=script; nopush","Link: </5daed4e855678aa6ff9fcf2c05171db884450d4e-92f3862f7dc0c84a22a1.js>; rel=preload; as=script; nopush","Link: </component---src-templates-category-product-js-c25217ebc011ef9443d9.js>; rel=preload; as=script; nopush","Link: </page-data/app-data.json>; rel=preload; as=fetch; crossorigin; nopush","Link: </page-data/product-category/man-kofty/page-data.json>; rel=preload; as=fetch; crossorigin; nopush"],"/product-category/man-shorty-swim":["Link: </webpack-runtime-22a7a6b77c04038a1b7b.js>; rel=preload; as=script; nopush","Link: </framework-c219ee771db40db04846.js>; rel=preload; as=script; nopush","Link: </dc6a8720040df98778fe970bf6c000a41750d3ae-dc9ca65779199dc1ae87.js>; rel=preload; as=script; nopush","Link: </app-ed676d678f7a2b6ea71e.js>; rel=preload; as=script; nopush","Link: </commons-6511940bd6e265e5412e.js>; rel=preload; as=script; nopush","Link: </5daed4e855678aa6ff9fcf2c05171db884450d4e-92f3862f7dc0c84a22a1.js>; rel=preload; as=script; nopush","Link: </component---src-templates-category-product-js-c25217ebc011ef9443d9.js>; rel=preload; as=script; nopush","Link: </page-data/app-data.json>; rel=preload; as=fetch; crossorigin; nopush","Link: </page-data/product-category/man-shorty-swim/page-data.json>; rel=preload; as=fetch; crossorigin; nopush"],"/product-category/man-kurtki":["Link: </webpack-runtime-22a7a6b77c04038a1b7b.js>; rel=preload; as=script; nopush","Link: </framework-c219ee771db40db04846.js>; rel=preload; as=script; nopush","Link: </dc6a8720040df98778fe970bf6c000a41750d3ae-dc9ca65779199dc1ae87.js>; rel=preload; as=script; nopush","Link: </app-ed676d678f7a2b6ea71e.js>; rel=preload; as=script; nopush","Link: </commons-6511940bd6e265e5412e.js>; rel=preload; as=script; nopush","Link: </5daed4e855678aa6ff9fcf2c05171db884450d4e-92f3862f7dc0c84a22a1.js>; rel=preload; as=script; nopush","Link: </component---src-templates-category-product-js-c25217ebc011ef9443d9.js>; rel=preload; as=script; nopush","Link: </page-data/app-data.json>; rel=preload; as=fetch; crossorigin; nopush","Link: </page-data/product-category/man-kurtki/page-data.json>; rel=preload; as=fetch; crossorigin; nopush"],"/product-category/man-kostyumy-leto":["Link: </webpack-runtime-22a7a6b77c04038a1b7b.js>; rel=preload; as=script; nopush","Link: </framework-c219ee771db40db04846.js>; rel=preload; as=script; nopush","Link: </dc6a8720040df98778fe970bf6c000a41750d3ae-dc9ca65779199dc1ae87.js>; rel=preload; as=script; nopush","Link: </app-ed676d678f7a2b6ea71e.js>; rel=preload; as=script; nopush","Link: </commons-6511940bd6e265e5412e.js>; rel=preload; as=script; nopush","Link: </5daed4e855678aa6ff9fcf2c05171db884450d4e-92f3862f7dc0c84a22a1.js>; rel=preload; as=script; nopush","Link: </component---src-templates-category-product-js-c25217ebc011ef9443d9.js>; rel=preload; as=script; nopush","Link: </page-data/app-data.json>; rel=preload; as=fetch; crossorigin; nopush","Link: </page-data/product-category/man-kostyumy-leto/page-data.json>; rel=preload; as=fetch; crossorigin; nopush"],"/product-category/man-kofty-longsliv":["Link: </webpack-runtime-22a7a6b77c04038a1b7b.js>; rel=preload; as=script; nopush","Link: </framework-c219ee771db40db04846.js>; rel=preload; as=script; nopush","Link: </dc6a8720040df98778fe970bf6c000a41750d3ae-dc9ca65779199dc1ae87.js>; rel=preload; as=script; nopush","Link: </app-ed676d678f7a2b6ea71e.js>; rel=preload; as=script; nopush","Link: </commons-6511940bd6e265e5412e.js>; rel=preload; as=script; nopush","Link: </5daed4e855678aa6ff9fcf2c05171db884450d4e-92f3862f7dc0c84a22a1.js>; rel=preload; as=script; nopush","Link: </component---src-templates-category-product-js-c25217ebc011ef9443d9.js>; rel=preload; as=script; nopush","Link: </page-data/app-data.json>; rel=preload; as=fetch; crossorigin; nopush","Link: </page-data/product-category/man-kofty-longsliv/page-data.json>; rel=preload; as=fetch; crossorigin; nopush"],"/product-category/man-accessories-futlyar":["Link: </webpack-runtime-22a7a6b77c04038a1b7b.js>; rel=preload; as=script; nopush","Link: </framework-c219ee771db40db04846.js>; rel=preload; as=script; nopush","Link: </dc6a8720040df98778fe970bf6c000a41750d3ae-dc9ca65779199dc1ae87.js>; rel=preload; as=script; nopush","Link: </app-ed676d678f7a2b6ea71e.js>; rel=preload; as=script; nopush","Link: </commons-6511940bd6e265e5412e.js>; rel=preload; as=script; nopush","Link: </5daed4e855678aa6ff9fcf2c05171db884450d4e-92f3862f7dc0c84a22a1.js>; rel=preload; as=script; nopush","Link: </component---src-templates-category-product-js-c25217ebc011ef9443d9.js>; rel=preload; as=script; nopush","Link: </page-data/app-data.json>; rel=preload; as=fetch; crossorigin; nopush","Link: </page-data/product-category/man-accessories-futlyar/page-data.json>; rel=preload; as=fetch; crossorigin; nopush"],"/product-category/muzhskaya-odezhda":["Link: </webpack-runtime-22a7a6b77c04038a1b7b.js>; rel=preload; as=script; nopush","Link: </framework-c219ee771db40db04846.js>; rel=preload; as=script; nopush","Link: </dc6a8720040df98778fe970bf6c000a41750d3ae-dc9ca65779199dc1ae87.js>; rel=preload; as=script; nopush","Link: </app-ed676d678f7a2b6ea71e.js>; rel=preload; as=script; nopush","Link: </commons-6511940bd6e265e5412e.js>; rel=preload; as=script; nopush","Link: </5daed4e855678aa6ff9fcf2c05171db884450d4e-92f3862f7dc0c84a22a1.js>; rel=preload; as=script; nopush","Link: </component---src-templates-category-product-js-c25217ebc011ef9443d9.js>; rel=preload; as=script; nopush","Link: </page-data/app-data.json>; rel=preload; as=fetch; crossorigin; nopush","Link: </page-data/product-category/muzhskaya-odezhda/page-data.json>; rel=preload; as=fetch; crossorigin; nopush"],"/product-category/man-accessories-noski":["Link: </webpack-runtime-22a7a6b77c04038a1b7b.js>; rel=preload; as=script; nopush","Link: </framework-c219ee771db40db04846.js>; rel=preload; as=script; nopush","Link: </dc6a8720040df98778fe970bf6c000a41750d3ae-dc9ca65779199dc1ae87.js>; rel=preload; as=script; nopush","Link: </app-ed676d678f7a2b6ea71e.js>; rel=preload; as=script; nopush","Link: </commons-6511940bd6e265e5412e.js>; rel=preload; as=script; nopush","Link: </5daed4e855678aa6ff9fcf2c05171db884450d4e-92f3862f7dc0c84a22a1.js>; rel=preload; as=script; nopush","Link: </component---src-templates-category-product-js-c25217ebc011ef9443d9.js>; rel=preload; as=script; nopush","Link: </page-data/app-data.json>; rel=preload; as=fetch; crossorigin; nopush","Link: </page-data/product-category/man-accessories-noski/page-data.json>; rel=preload; as=fetch; crossorigin; nopush"],"/product-category/man-obuv-sport":["Link: </webpack-runtime-22a7a6b77c04038a1b7b.js>; rel=preload; as=script; nopush","Link: </framework-c219ee771db40db04846.js>; rel=preload; as=script; nopush","Link: </dc6a8720040df98778fe970bf6c000a41750d3ae-dc9ca65779199dc1ae87.js>; rel=preload; as=script; nopush","Link: </app-ed676d678f7a2b6ea71e.js>; rel=preload; as=script; nopush","Link: </commons-6511940bd6e265e5412e.js>; rel=preload; as=script; nopush","Link: </5daed4e855678aa6ff9fcf2c05171db884450d4e-92f3862f7dc0c84a22a1.js>; rel=preload; as=script; nopush","Link: </component---src-templates-category-product-js-c25217ebc011ef9443d9.js>; rel=preload; as=script; nopush","Link: </page-data/app-data.json>; rel=preload; as=fetch; crossorigin; nopush","Link: </page-data/product-category/man-obuv-sport/page-data.json>; rel=preload; as=fetch; crossorigin; nopush"],"/product-category/man-futbolki-odnoton":["Link: </webpack-runtime-22a7a6b77c04038a1b7b.js>; rel=preload; as=script; nopush","Link: </framework-c219ee771db40db04846.js>; rel=preload; as=script; nopush","Link: </dc6a8720040df98778fe970bf6c000a41750d3ae-dc9ca65779199dc1ae87.js>; rel=preload; as=script; nopush","Link: </app-ed676d678f7a2b6ea71e.js>; rel=preload; as=script; nopush","Link: </commons-6511940bd6e265e5412e.js>; rel=preload; as=script; nopush","Link: </5daed4e855678aa6ff9fcf2c05171db884450d4e-92f3862f7dc0c84a22a1.js>; rel=preload; as=script; nopush","Link: </component---src-templates-category-product-js-c25217ebc011ef9443d9.js>; rel=preload; as=script; nopush","Link: </page-data/app-data.json>; rel=preload; as=fetch; crossorigin; nopush","Link: </page-data/product-category/man-futbolki-odnoton/page-data.json>; rel=preload; as=fetch; crossorigin; nopush"],"/product-category/man-accessories-ochki":["Link: </webpack-runtime-22a7a6b77c04038a1b7b.js>; rel=preload; as=script; nopush","Link: </framework-c219ee771db40db04846.js>; rel=preload; as=script; nopush","Link: </dc6a8720040df98778fe970bf6c000a41750d3ae-dc9ca65779199dc1ae87.js>; rel=preload; as=script; nopush","Link: </app-ed676d678f7a2b6ea71e.js>; rel=preload; as=script; nopush","Link: </commons-6511940bd6e265e5412e.js>; rel=preload; as=script; nopush","Link: </5daed4e855678aa6ff9fcf2c05171db884450d4e-92f3862f7dc0c84a22a1.js>; rel=preload; as=script; nopush","Link: </component---src-templates-category-product-js-c25217ebc011ef9443d9.js>; rel=preload; as=script; nopush","Link: </page-data/app-data.json>; rel=preload; as=fetch; crossorigin; nopush","Link: </page-data/product-category/man-accessories-ochki/page-data.json>; rel=preload; as=fetch; crossorigin; nopush"],"/product-category/man-kurtki-parki":["Link: </webpack-runtime-22a7a6b77c04038a1b7b.js>; rel=preload; as=script; nopush","Link: </framework-c219ee771db40db04846.js>; rel=preload; as=script; nopush","Link: </dc6a8720040df98778fe970bf6c000a41750d3ae-dc9ca65779199dc1ae87.js>; rel=preload; as=script; nopush","Link: </app-ed676d678f7a2b6ea71e.js>; rel=preload; as=script; nopush","Link: </commons-6511940bd6e265e5412e.js>; rel=preload; as=script; nopush","Link: </5daed4e855678aa6ff9fcf2c05171db884450d4e-92f3862f7dc0c84a22a1.js>; rel=preload; as=script; nopush","Link: </component---src-templates-category-product-js-c25217ebc011ef9443d9.js>; rel=preload; as=script; nopush","Link: </page-data/app-data.json>; rel=preload; as=fetch; crossorigin; nopush","Link: </page-data/product-category/man-kurtki-parki/page-data.json>; rel=preload; as=fetch; crossorigin; nopush"],"/product-category/man-accessories-perchatki":["Link: </webpack-runtime-22a7a6b77c04038a1b7b.js>; rel=preload; as=script; nopush","Link: </framework-c219ee771db40db04846.js>; rel=preload; as=script; nopush","Link: </dc6a8720040df98778fe970bf6c000a41750d3ae-dc9ca65779199dc1ae87.js>; rel=preload; as=script; nopush","Link: </app-ed676d678f7a2b6ea71e.js>; rel=preload; as=script; nopush","Link: </commons-6511940bd6e265e5412e.js>; rel=preload; as=script; nopush","Link: </5daed4e855678aa6ff9fcf2c05171db884450d4e-92f3862f7dc0c84a22a1.js>; rel=preload; as=script; nopush","Link: </component---src-templates-category-product-js-c25217ebc011ef9443d9.js>; rel=preload; as=script; nopush","Link: </page-data/app-data.json>; rel=preload; as=fetch; crossorigin; nopush","Link: </page-data/product-category/man-accessories-perchatki/page-data.json>; rel=preload; as=fetch; crossorigin; nopush"],"/product-category/man-kurtki-plashch":["Link: </webpack-runtime-22a7a6b77c04038a1b7b.js>; rel=preload; as=script; nopush","Link: </framework-c219ee771db40db04846.js>; rel=preload; as=script; nopush","Link: </dc6a8720040df98778fe970bf6c000a41750d3ae-dc9ca65779199dc1ae87.js>; rel=preload; as=script; nopush","Link: </app-ed676d678f7a2b6ea71e.js>; rel=preload; as=script; nopush","Link: </commons-6511940bd6e265e5412e.js>; rel=preload; as=script; nopush","Link: </5daed4e855678aa6ff9fcf2c05171db884450d4e-92f3862f7dc0c84a22a1.js>; rel=preload; as=script; nopush","Link: </component---src-templates-category-product-js-c25217ebc011ef9443d9.js>; rel=preload; as=script; nopush","Link: </page-data/app-data.json>; rel=preload; as=fetch; crossorigin; nopush","Link: </page-data/product-category/man-kurtki-plashch/page-data.json>; rel=preload; as=fetch; crossorigin; nopush"],"/product-category/man-futbolki-polo":["Link: </webpack-runtime-22a7a6b77c04038a1b7b.js>; rel=preload; as=script; nopush","Link: </framework-c219ee771db40db04846.js>; rel=preload; as=script; nopush","Link: </dc6a8720040df98778fe970bf6c000a41750d3ae-dc9ca65779199dc1ae87.js>; rel=preload; as=script; nopush","Link: </app-ed676d678f7a2b6ea71e.js>; rel=preload; as=script; nopush","Link: </commons-6511940bd6e265e5412e.js>; rel=preload; as=script; nopush","Link: </5daed4e855678aa6ff9fcf2c05171db884450d4e-92f3862f7dc0c84a22a1.js>; rel=preload; as=script; nopush","Link: </component---src-templates-category-product-js-c25217ebc011ef9443d9.js>; rel=preload; as=script; nopush","Link: </page-data/app-data.json>; rel=preload; as=fetch; crossorigin; nopush","Link: </page-data/product-category/man-futbolki-polo/page-data.json>; rel=preload; as=fetch; crossorigin; nopush"],"/product-category/man-kurtki-puhoviki":["Link: </webpack-runtime-22a7a6b77c04038a1b7b.js>; rel=preload; as=script; nopush","Link: </framework-c219ee771db40db04846.js>; rel=preload; as=script; nopush","Link: </dc6a8720040df98778fe970bf6c000a41750d3ae-dc9ca65779199dc1ae87.js>; rel=preload; as=script; nopush","Link: </app-ed676d678f7a2b6ea71e.js>; rel=preload; as=script; nopush","Link: </commons-6511940bd6e265e5412e.js>; rel=preload; as=script; nopush","Link: </5daed4e855678aa6ff9fcf2c05171db884450d4e-92f3862f7dc0c84a22a1.js>; rel=preload; as=script; nopush","Link: </component---src-templates-category-product-js-c25217ebc011ef9443d9.js>; rel=preload; as=script; nopush","Link: </page-data/app-data.json>; rel=preload; as=fetch; crossorigin; nopush","Link: </page-data/product-category/man-kurtki-puhoviki/page-data.json>; rel=preload; as=fetch; crossorigin; nopush"],"/product-category/man-accessories-remni":["Link: </webpack-runtime-22a7a6b77c04038a1b7b.js>; rel=preload; as=script; nopush","Link: </framework-c219ee771db40db04846.js>; rel=preload; as=script; nopush","Link: </dc6a8720040df98778fe970bf6c000a41750d3ae-dc9ca65779199dc1ae87.js>; rel=preload; as=script; nopush","Link: </app-ed676d678f7a2b6ea71e.js>; rel=preload; as=script; nopush","Link: </commons-6511940bd6e265e5412e.js>; rel=preload; as=script; nopush","Link: </5daed4e855678aa6ff9fcf2c05171db884450d4e-92f3862f7dc0c84a22a1.js>; rel=preload; as=script; nopush","Link: </component---src-templates-category-product-js-c25217ebc011ef9443d9.js>; rel=preload; as=script; nopush","Link: </page-data/app-data.json>; rel=preload; as=fetch; crossorigin; nopush","Link: </page-data/product-category/man-accessories-remni/page-data.json>; rel=preload; as=fetch; crossorigin; nopush"],"/product-category/man-kofty-s-molniey":["Link: </webpack-runtime-22a7a6b77c04038a1b7b.js>; rel=preload; as=script; nopush","Link: </framework-c219ee771db40db04846.js>; rel=preload; as=script; nopush","Link: </dc6a8720040df98778fe970bf6c000a41750d3ae-dc9ca65779199dc1ae87.js>; rel=preload; as=script; nopush","Link: </app-ed676d678f7a2b6ea71e.js>; rel=preload; as=script; nopush","Link: </commons-6511940bd6e265e5412e.js>; rel=preload; as=script; nopush","Link: </5daed4e855678aa6ff9fcf2c05171db884450d4e-92f3862f7dc0c84a22a1.js>; rel=preload; as=script; nopush","Link: </component---src-templates-category-product-js-c25217ebc011ef9443d9.js>; rel=preload; as=script; nopush","Link: </page-data/app-data.json>; rel=preload; as=fetch; crossorigin; nopush","Link: </page-data/product-category/man-kofty-s-molniey/page-data.json>; rel=preload; as=fetch; crossorigin; nopush"],"/product-category/man-futbolki-s-odnoton-ris":["Link: </webpack-runtime-22a7a6b77c04038a1b7b.js>; rel=preload; as=script; nopush","Link: </framework-c219ee771db40db04846.js>; rel=preload; as=script; nopush","Link: </dc6a8720040df98778fe970bf6c000a41750d3ae-dc9ca65779199dc1ae87.js>; rel=preload; as=script; nopush","Link: </app-ed676d678f7a2b6ea71e.js>; rel=preload; as=script; nopush","Link: </commons-6511940bd6e265e5412e.js>; rel=preload; as=script; nopush","Link: </5daed4e855678aa6ff9fcf2c05171db884450d4e-92f3862f7dc0c84a22a1.js>; rel=preload; as=script; nopush","Link: </component---src-templates-category-product-js-c25217ebc011ef9443d9.js>; rel=preload; as=script; nopush","Link: </page-data/app-data.json>; rel=preload; as=fetch; crossorigin; nopush","Link: </page-data/product-category/man-futbolki-s-odnoton-ris/page-data.json>; rel=preload; as=fetch; crossorigin; nopush"],"/product-category/man-futbolki-s-cvet-ris":["Link: </webpack-runtime-22a7a6b77c04038a1b7b.js>; rel=preload; as=script; nopush","Link: </framework-c219ee771db40db04846.js>; rel=preload; as=script; nopush","Link: </dc6a8720040df98778fe970bf6c000a41750d3ae-dc9ca65779199dc1ae87.js>; rel=preload; as=script; nopush","Link: </app-ed676d678f7a2b6ea71e.js>; rel=preload; as=script; nopush","Link: </commons-6511940bd6e265e5412e.js>; rel=preload; as=script; nopush","Link: </5daed4e855678aa6ff9fcf2c05171db884450d4e-92f3862f7dc0c84a22a1.js>; rel=preload; as=script; nopush","Link: </component---src-templates-category-product-js-c25217ebc011ef9443d9.js>; rel=preload; as=script; nopush","Link: </page-data/app-data.json>; rel=preload; as=fetch; crossorigin; nopush","Link: </page-data/product-category/man-futbolki-s-cvet-ris/page-data.json>; rel=preload; as=fetch; crossorigin; nopush"],"/product-category/man-kofty-svitshot":["Link: </webpack-runtime-22a7a6b77c04038a1b7b.js>; rel=preload; as=script; nopush","Link: </framework-c219ee771db40db04846.js>; rel=preload; as=script; nopush","Link: </dc6a8720040df98778fe970bf6c000a41750d3ae-dc9ca65779199dc1ae87.js>; rel=preload; as=script; nopush","Link: </app-ed676d678f7a2b6ea71e.js>; rel=preload; as=script; nopush","Link: </commons-6511940bd6e265e5412e.js>; rel=preload; as=script; nopush","Link: </5daed4e855678aa6ff9fcf2c05171db884450d4e-92f3862f7dc0c84a22a1.js>; rel=preload; as=script; nopush","Link: </component---src-templates-category-product-js-c25217ebc011ef9443d9.js>; rel=preload; as=script; nopush","Link: </page-data/app-data.json>; rel=preload; as=fetch; crossorigin; nopush","Link: </page-data/product-category/man-kofty-svitshot/page-data.json>; rel=preload; as=fetch; crossorigin; nopush"],"/product-category/man-kostyumy-sport":["Link: </webpack-runtime-22a7a6b77c04038a1b7b.js>; rel=preload; as=script; nopush","Link: </framework-c219ee771db40db04846.js>; rel=preload; as=script; nopush","Link: </dc6a8720040df98778fe970bf6c000a41750d3ae-dc9ca65779199dc1ae87.js>; rel=preload; as=script; nopush","Link: </app-ed676d678f7a2b6ea71e.js>; rel=preload; as=script; nopush","Link: </commons-6511940bd6e265e5412e.js>; rel=preload; as=script; nopush","Link: </5daed4e855678aa6ff9fcf2c05171db884450d4e-92f3862f7dc0c84a22a1.js>; rel=preload; as=script; nopush","Link: </component---src-templates-category-product-js-c25217ebc011ef9443d9.js>; rel=preload; as=script; nopush","Link: </page-data/app-data.json>; rel=preload; as=fetch; crossorigin; nopush","Link: </page-data/product-category/man-kostyumy-sport/page-data.json>; rel=preload; as=fetch; crossorigin; nopush"],"/product-category/man-shorty-sport":["Link: </webpack-runtime-22a7a6b77c04038a1b7b.js>; rel=preload; as=script; nopush","Link: </framework-c219ee771db40db04846.js>; rel=preload; as=script; nopush","Link: </dc6a8720040df98778fe970bf6c000a41750d3ae-dc9ca65779199dc1ae87.js>; rel=preload; as=script; nopush","Link: </app-ed676d678f7a2b6ea71e.js>; rel=preload; as=script; nopush","Link: </commons-6511940bd6e265e5412e.js>; rel=preload; as=script; nopush","Link: </5daed4e855678aa6ff9fcf2c05171db884450d4e-92f3862f7dc0c84a22a1.js>; rel=preload; as=script; nopush","Link: </component---src-templates-category-product-js-c25217ebc011ef9443d9.js>; rel=preload; as=script; nopush","Link: </page-data/app-data.json>; rel=preload; as=fetch; crossorigin; nopush","Link: </page-data/product-category/man-shorty-sport/page-data.json>; rel=preload; as=fetch; crossorigin; nopush"],"/product-category/man-shtany-sport":["Link: </webpack-runtime-22a7a6b77c04038a1b7b.js>; rel=preload; as=script; nopush","Link: </framework-c219ee771db40db04846.js>; rel=preload; as=script; nopush","Link: </dc6a8720040df98778fe970bf6c000a41750d3ae-dc9ca65779199dc1ae87.js>; rel=preload; as=script; nopush","Link: </app-ed676d678f7a2b6ea71e.js>; rel=preload; as=script; nopush","Link: </commons-6511940bd6e265e5412e.js>; rel=preload; as=script; nopush","Link: </5daed4e855678aa6ff9fcf2c05171db884450d4e-92f3862f7dc0c84a22a1.js>; rel=preload; as=script; nopush","Link: </component---src-templates-category-product-js-c25217ebc011ef9443d9.js>; rel=preload; as=script; nopush","Link: </page-data/app-data.json>; rel=preload; as=fetch; crossorigin; nopush","Link: </page-data/product-category/man-shtany-sport/page-data.json>; rel=preload; as=fetch; crossorigin; nopush"],"/product-category/man-kofty-trikotazh":["Link: </webpack-runtime-22a7a6b77c04038a1b7b.js>; rel=preload; as=script; nopush","Link: </framework-c219ee771db40db04846.js>; rel=preload; as=script; nopush","Link: </dc6a8720040df98778fe970bf6c000a41750d3ae-dc9ca65779199dc1ae87.js>; rel=preload; as=script; nopush","Link: </app-ed676d678f7a2b6ea71e.js>; rel=preload; as=script; nopush","Link: </commons-6511940bd6e265e5412e.js>; rel=preload; as=script; nopush","Link: </5daed4e855678aa6ff9fcf2c05171db884450d4e-92f3862f7dc0c84a22a1.js>; rel=preload; as=script; nopush","Link: </component---src-templates-category-product-js-c25217ebc011ef9443d9.js>; rel=preload; as=script; nopush","Link: </page-data/app-data.json>; rel=preload; as=fetch; crossorigin; nopush","Link: </page-data/product-category/man-kofty-trikotazh/page-data.json>; rel=preload; as=fetch; crossorigin; nopush"],"/product-category/man-shorty-trikotazh":["Link: </webpack-runtime-22a7a6b77c04038a1b7b.js>; rel=preload; as=script; nopush","Link: </framework-c219ee771db40db04846.js>; rel=preload; as=script; nopush","Link: </dc6a8720040df98778fe970bf6c000a41750d3ae-dc9ca65779199dc1ae87.js>; rel=preload; as=script; nopush","Link: </app-ed676d678f7a2b6ea71e.js>; rel=preload; as=script; nopush","Link: </commons-6511940bd6e265e5412e.js>; rel=preload; as=script; nopush","Link: </5daed4e855678aa6ff9fcf2c05171db884450d4e-92f3862f7dc0c84a22a1.js>; rel=preload; as=script; nopush","Link: </component---src-templates-category-product-js-c25217ebc011ef9443d9.js>; rel=preload; as=script; nopush","Link: </page-data/app-data.json>; rel=preload; as=fetch; crossorigin; nopush","Link: </page-data/product-category/man-shorty-trikotazh/page-data.json>; rel=preload; as=fetch; crossorigin; nopush"],"/product-category/man-futbolki":["Link: </webpack-runtime-22a7a6b77c04038a1b7b.js>; rel=preload; as=script; nopush","Link: </framework-c219ee771db40db04846.js>; rel=preload; as=script; nopush","Link: </dc6a8720040df98778fe970bf6c000a41750d3ae-dc9ca65779199dc1ae87.js>; rel=preload; as=script; nopush","Link: </app-ed676d678f7a2b6ea71e.js>; rel=preload; as=script; nopush","Link: </commons-6511940bd6e265e5412e.js>; rel=preload; as=script; nopush","Link: </5daed4e855678aa6ff9fcf2c05171db884450d4e-92f3862f7dc0c84a22a1.js>; rel=preload; as=script; nopush","Link: </component---src-templates-category-product-js-c25217ebc011ef9443d9.js>; rel=preload; as=script; nopush","Link: </page-data/app-data.json>; rel=preload; as=fetch; crossorigin; nopush","Link: </page-data/product-category/man-futbolki/page-data.json>; rel=preload; as=fetch; crossorigin; nopush"],"/product-category/man-kofty-hudi":["Link: </webpack-runtime-22a7a6b77c04038a1b7b.js>; rel=preload; as=script; nopush","Link: </framework-c219ee771db40db04846.js>; rel=preload; as=script; nopush","Link: </dc6a8720040df98778fe970bf6c000a41750d3ae-dc9ca65779199dc1ae87.js>; rel=preload; as=script; nopush","Link: </app-ed676d678f7a2b6ea71e.js>; rel=preload; as=script; nopush","Link: </commons-6511940bd6e265e5412e.js>; rel=preload; as=script; nopush","Link: </5daed4e855678aa6ff9fcf2c05171db884450d4e-92f3862f7dc0c84a22a1.js>; rel=preload; as=script; nopush","Link: </component---src-templates-category-product-js-c25217ebc011ef9443d9.js>; rel=preload; as=script; nopush","Link: </page-data/app-data.json>; rel=preload; as=fetch; crossorigin; nopush","Link: </page-data/product-category/man-kofty-hudi/page-data.json>; rel=preload; as=fetch; crossorigin; nopush"],"/product-category/man-accessories-shapki":["Link: </webpack-runtime-22a7a6b77c04038a1b7b.js>; rel=preload; as=script; nopush","Link: </framework-c219ee771db40db04846.js>; rel=preload; as=script; nopush","Link: </dc6a8720040df98778fe970bf6c000a41750d3ae-dc9ca65779199dc1ae87.js>; rel=preload; as=script; nopush","Link: </app-ed676d678f7a2b6ea71e.js>; rel=preload; as=script; nopush","Link: </commons-6511940bd6e265e5412e.js>; rel=preload; as=script; nopush","Link: </5daed4e855678aa6ff9fcf2c05171db884450d4e-92f3862f7dc0c84a22a1.js>; rel=preload; as=script; nopush","Link: </component---src-templates-category-product-js-c25217ebc011ef9443d9.js>; rel=preload; as=script; nopush","Link: </page-data/app-data.json>; rel=preload; as=fetch; crossorigin; nopush","Link: </page-data/product-category/man-accessories-shapki/page-data.json>; rel=preload; as=fetch; crossorigin; nopush"],"/product-category/man-shorty":["Link: </webpack-runtime-22a7a6b77c04038a1b7b.js>; rel=preload; as=script; nopush","Link: </framework-c219ee771db40db04846.js>; rel=preload; as=script; nopush","Link: </dc6a8720040df98778fe970bf6c000a41750d3ae-dc9ca65779199dc1ae87.js>; rel=preload; as=script; nopush","Link: </app-ed676d678f7a2b6ea71e.js>; rel=preload; as=script; nopush","Link: </commons-6511940bd6e265e5412e.js>; rel=preload; as=script; nopush","Link: </5daed4e855678aa6ff9fcf2c05171db884450d4e-92f3862f7dc0c84a22a1.js>; rel=preload; as=script; nopush","Link: </component---src-templates-category-product-js-c25217ebc011ef9443d9.js>; rel=preload; as=script; nopush","Link: </page-data/app-data.json>; rel=preload; as=fetch; crossorigin; nopush","Link: </page-data/product-category/man-shorty/page-data.json>; rel=preload; as=fetch; crossorigin; nopush"],"/product-category/man-shtany":["Link: </webpack-runtime-22a7a6b77c04038a1b7b.js>; rel=preload; as=script; nopush","Link: </framework-c219ee771db40db04846.js>; rel=preload; as=script; nopush","Link: </dc6a8720040df98778fe970bf6c000a41750d3ae-dc9ca65779199dc1ae87.js>; rel=preload; as=script; nopush","Link: </app-ed676d678f7a2b6ea71e.js>; rel=preload; as=script; nopush","Link: </commons-6511940bd6e265e5412e.js>; rel=preload; as=script; nopush","Link: </5daed4e855678aa6ff9fcf2c05171db884450d4e-92f3862f7dc0c84a22a1.js>; rel=preload; as=script; nopush","Link: </component---src-templates-category-product-js-c25217ebc011ef9443d9.js>; rel=preload; as=script; nopush","Link: </page-data/app-data.json>; rel=preload; as=fetch; crossorigin; nopush","Link: </page-data/product-category/man-shtany/page-data.json>; rel=preload; as=fetch; crossorigin; nopush"],"/404/":["Link: </webpack-runtime-22a7a6b77c04038a1b7b.js>; rel=preload; as=script; nopush","Link: </framework-c219ee771db40db04846.js>; rel=preload; as=script; nopush","Link: </dc6a8720040df98778fe970bf6c000a41750d3ae-dc9ca65779199dc1ae87.js>; rel=preload; as=script; nopush","Link: </app-ed676d678f7a2b6ea71e.js>; rel=preload; as=script; nopush","Link: </commons-6511940bd6e265e5412e.js>; rel=preload; as=script; nopush","Link: </component---src-pages-404-js-65fd8f295b01d9a3d8f8.js>; rel=preload; as=script; nopush","Link: </page-data/app-data.json>; rel=preload; as=fetch; crossorigin; nopush","Link: </page-data/404/page-data.json>; rel=preload; as=fetch; crossorigin; nopush"],"/404.html":["Link: </webpack-runtime-22a7a6b77c04038a1b7b.js>; rel=preload; as=script; nopush","Link: </framework-c219ee771db40db04846.js>; rel=preload; as=script; nopush","Link: </dc6a8720040df98778fe970bf6c000a41750d3ae-dc9ca65779199dc1ae87.js>; rel=preload; as=script; nopush","Link: </app-ed676d678f7a2b6ea71e.js>; rel=preload; as=script; nopush","Link: </commons-6511940bd6e265e5412e.js>; rel=preload; as=script; nopush","Link: </component---src-pages-404-js-65fd8f295b01d9a3d8f8.js>; rel=preload; as=script; nopush","Link: </page-data/app-data.json>; rel=preload; as=fetch; crossorigin; nopush","Link: </page-data/404.html/page-data.json>; rel=preload; as=fetch; crossorigin; nopush"],"/":["Link: </webpack-runtime-22a7a6b77c04038a1b7b.js>; rel=preload; as=script; nopush","Link: </framework-c219ee771db40db04846.js>; rel=preload; as=script; nopush","Link: </dc6a8720040df98778fe970bf6c000a41750d3ae-dc9ca65779199dc1ae87.js>; rel=preload; as=script; nopush","Link: </app-ed676d678f7a2b6ea71e.js>; rel=preload; as=script; nopush","Link: </commons-6511940bd6e265e5412e.js>; rel=preload; as=script; nopush","Link: </5daed4e855678aa6ff9fcf2c05171db884450d4e-92f3862f7dc0c84a22a1.js>; rel=preload; as=script; nopush","Link: </component---src-pages-index-js-74386205dd1ae0abc67a.js>; rel=preload; as=script; nopush","Link: </page-data/app-data.json>; rel=preload; as=fetch; crossorigin; nopush","Link: </page-data/index/page-data.json>; rel=preload; as=fetch; crossorigin; nopush"],"/using-typescript/":["Link: </webpack-runtime-22a7a6b77c04038a1b7b.js>; rel=preload; as=script; nopush","Link: </framework-c219ee771db40db04846.js>; rel=preload; as=script; nopush","Link: </dc6a8720040df98778fe970bf6c000a41750d3ae-dc9ca65779199dc1ae87.js>; rel=preload; as=script; nopush","Link: </app-ed676d678f7a2b6ea71e.js>; rel=preload; as=script; nopush","Link: </commons-6511940bd6e265e5412e.js>; rel=preload; as=script; nopush","Link: </component---src-pages-using-typescript-tsx-a9f9d659130f93478306.js>; rel=preload; as=script; nopush","Link: </page-data/app-data.json>; rel=preload; as=fetch; crossorigin; nopush","Link: </page-data/using-typescript/page-data.json>; rel=preload; as=fetch; crossorigin; nopush"]}