{"polyfill":["/polyfill-6e624cfe424ac9e93e28.js"],"app":["/app-ed676d678f7a2b6ea71e.js"],"component---src-pages-404-js":["/component---src-pages-404-js-65fd8f295b01d9a3d8f8.js"],"component---src-pages-index-js":["/component---src-pages-index-js-74386205dd1ae0abc67a.js"],"component---src-pages-using-typescript-tsx":["/component---src-pages-using-typescript-tsx-a9f9d659130f93478306.js"],"component---src-templates-cart-js":["/component---src-templates-cart-js-8273ece9fd146195f9ad.js"],"component---src-templates-category-product-js":["/component---src-templates-category-product-js-c25217ebc011ef9443d9.js"],"component---src-templates-checkout-js":["/component---src-templates-checkout-js-0def5bf7accab0436bfa.js"],"component---src-templates-order-js":["/component---src-templates-order-js-45e29c807461dbe9a646.js"],"component---src-templates-page-js":["/component---src-templates-page-js-472260e208561bdbeff5.js"],"component---src-templates-product-js":["/component---src-templates-product-js-c28a0c23fb94dc45cf32.js"],"component---src-templates-save-js":["/component---src-templates-save-js-e8c7f6cd8e713a2175d2.js"],"component---src-templates-search-js":["/component---src-templates-search-js-caba63528a71444f7975.js"],"component---src-templates-user-js":["/component---src-templates-user-js-8e148b1ae40f2e0d13e3.js"]}