{"namedChunkGroups":{"polyfill":{"name":"polyfill","assets":[{"name":"webpack-runtime-22a7a6b77c04038a1b7b.js","size":6054},{"name":"dc6a8720040df98778fe970bf6c000a41750d3ae-dc9ca65779199dc1ae87.js","size":10031},{"name":"polyfill-6e624cfe424ac9e93e28.js","size":83609}],"filteredAssets":0,"assetsSize":99694,"filteredAuxiliaryAssets":3,"auxiliaryAssetsSize":276001},"app":{"name":"app","assets":[{"name":"webpack-runtime-22a7a6b77c04038a1b7b.js","size":6054},{"name":"styles.62911db4e192044b2a2b.css","size":82009},{"name":"framework-c219ee771db40db04846.js","size":128981},{"name":"dc6a8720040df98778fe970bf6c000a41750d3ae-dc9ca65779199dc1ae87.js","size":10031},{"name":"app-ed676d678f7a2b6ea71e.js","size":335094}],"filteredAssets":0,"assetsSize":562169,"filteredAuxiliaryAssets":4,"auxiliaryAssetsSize":1788836},"component---src-pages-404-js":{"name":"component---src-pages-404-js","assets":[{"name":"styles.62911db4e192044b2a2b.css","size":82009},{"name":"commons-6511940bd6e265e5412e.js","size":72261},{"name":"component---src-pages-404-js-65fd8f295b01d9a3d8f8.js","size":429}],"filteredAssets":0,"assetsSize":154699,"filteredAuxiliaryAssets":2,"auxiliaryAssetsSize":202678},"component---src-pages-index-js":{"name":"component---src-pages-index-js","assets":[{"name":"styles.62911db4e192044b2a2b.css","size":82009},{"name":"commons-6511940bd6e265e5412e.js","size":72261},{"name":"5daed4e855678aa6ff9fcf2c05171db884450d4e-92f3862f7dc0c84a22a1.js","size":12830},{"name":"component---src-pages-index-js-74386205dd1ae0abc67a.js","size":1711}],"filteredAssets":0,"assetsSize":168811,"filteredAuxiliaryAssets":3,"auxiliaryAssetsSize":263035},"component---src-pages-using-typescript-tsx":{"name":"component---src-pages-using-typescript-tsx","assets":[{"name":"styles.62911db4e192044b2a2b.css","size":82009},{"name":"commons-6511940bd6e265e5412e.js","size":72261},{"name":"component---src-pages-using-typescript-tsx-a9f9d659130f93478306.js","size":16949}],"filteredAssets":0,"assetsSize":171219,"filteredAuxiliaryAssets":2,"auxiliaryAssetsSize":271088},"component---src-templates-cart-js":{"name":"component---src-templates-cart-js","assets":[{"name":"styles.62911db4e192044b2a2b.css","size":82009},{"name":"commons-6511940bd6e265e5412e.js","size":72261},{"name":"component---src-templates-cart-js-8273ece9fd146195f9ad.js","size":8062}],"filteredAssets":0,"assetsSize":162332,"filteredAuxiliaryAssets":2,"auxiliaryAssetsSize":222844},"component---src-templates-category-product-js":{"name":"component---src-templates-category-product-js","assets":[{"name":"styles.62911db4e192044b2a2b.css","size":82009},{"name":"commons-6511940bd6e265e5412e.js","size":72261},{"name":"5daed4e855678aa6ff9fcf2c05171db884450d4e-92f3862f7dc0c84a22a1.js","size":12830},{"name":"component---src-templates-category-product-js-c25217ebc011ef9443d9.js","size":1574}],"filteredAssets":0,"assetsSize":168674,"filteredAuxiliaryAssets":3,"auxiliaryAssetsSize":262278},"component---src-templates-checkout-js":{"name":"component---src-templates-checkout-js","assets":[{"name":"styles.62911db4e192044b2a2b.css","size":82009},{"name":"commons-6511940bd6e265e5412e.js","size":72261},{"name":"component---src-templates-checkout-js-0def5bf7accab0436bfa.js","size":10187}],"filteredAssets":0,"assetsSize":164457,"filteredAuxiliaryAssets":2,"auxiliaryAssetsSize":233523},"component---src-templates-order-js":{"name":"component---src-templates-order-js","assets":[{"name":"styles.62911db4e192044b2a2b.css","size":82009},{"name":"commons-6511940bd6e265e5412e.js","size":72261},{"name":"component---src-templates-order-js-45e29c807461dbe9a646.js","size":685}],"filteredAssets":0,"assetsSize":154955,"filteredAuxiliaryAssets":2,"auxiliaryAssetsSize":203467},"component---src-templates-page-js":{"name":"component---src-templates-page-js","assets":[{"name":"styles.62911db4e192044b2a2b.css","size":82009},{"name":"commons-6511940bd6e265e5412e.js","size":72261},{"name":"component---src-templates-page-js-472260e208561bdbeff5.js","size":533}],"filteredAssets":0,"assetsSize":154803,"filteredAuxiliaryAssets":2,"auxiliaryAssetsSize":202944},"component---src-templates-product-js":{"name":"component---src-templates-product-js","assets":[{"name":"styles.62911db4e192044b2a2b.css","size":82009},{"name":"commons-6511940bd6e265e5412e.js","size":72261},{"name":"component---src-templates-product-js-c28a0c23fb94dc45cf32.js","size":78002}],"filteredAssets":0,"assetsSize":232272,"filteredAuxiliaryAssets":2,"auxiliaryAssetsSize":494941},"component---src-templates-save-js":{"name":"component---src-templates-save-js","assets":[{"name":"styles.62911db4e192044b2a2b.css","size":82009},{"name":"commons-6511940bd6e265e5412e.js","size":72261},{"name":"component---src-templates-save-js-e8c7f6cd8e713a2175d2.js","size":6330}],"filteredAssets":0,"assetsSize":160600,"filteredAuxiliaryAssets":2,"auxiliaryAssetsSize":217826},"component---src-templates-search-js":{"name":"component---src-templates-search-js","assets":[{"name":"styles.62911db4e192044b2a2b.css","size":82009},{"name":"commons-6511940bd6e265e5412e.js","size":72261},{"name":"component---src-templates-search-js-caba63528a71444f7975.js","size":452}],"filteredAssets":0,"assetsSize":154722,"filteredAuxiliaryAssets":2,"auxiliaryAssetsSize":202762},"component---src-templates-user-js":{"name":"component---src-templates-user-js","assets":[{"name":"styles.62911db4e192044b2a2b.css","size":82009},{"name":"commons-6511940bd6e265e5412e.js","size":72261},{"name":"component---src-templates-user-js-8e148b1ae40f2e0d13e3.js","size":448}],"filteredAssets":0,"assetsSize":154718,"filteredAuxiliaryAssets":2,"auxiliaryAssetsSize":202756}},"assetsByChunkName":{"polyfill":["webpack-runtime-22a7a6b77c04038a1b7b.js","dc6a8720040df98778fe970bf6c000a41750d3ae-dc9ca65779199dc1ae87.js","polyfill-6e624cfe424ac9e93e28.js"],"app":["webpack-runtime-22a7a6b77c04038a1b7b.js","styles.62911db4e192044b2a2b.css","framework-c219ee771db40db04846.js","dc6a8720040df98778fe970bf6c000a41750d3ae-dc9ca65779199dc1ae87.js","app-ed676d678f7a2b6ea71e.js"],"component---src-pages-404-js":["styles.62911db4e192044b2a2b.css","commons-6511940bd6e265e5412e.js","component---src-pages-404-js-65fd8f295b01d9a3d8f8.js"],"component---src-pages-index-js":["styles.62911db4e192044b2a2b.css","commons-6511940bd6e265e5412e.js","5daed4e855678aa6ff9fcf2c05171db884450d4e-92f3862f7dc0c84a22a1.js","component---src-pages-index-js-74386205dd1ae0abc67a.js"],"component---src-pages-using-typescript-tsx":["styles.62911db4e192044b2a2b.css","commons-6511940bd6e265e5412e.js","component---src-pages-using-typescript-tsx-a9f9d659130f93478306.js"],"component---src-templates-cart-js":["styles.62911db4e192044b2a2b.css","commons-6511940bd6e265e5412e.js","component---src-templates-cart-js-8273ece9fd146195f9ad.js"],"component---src-templates-category-product-js":["styles.62911db4e192044b2a2b.css","commons-6511940bd6e265e5412e.js","5daed4e855678aa6ff9fcf2c05171db884450d4e-92f3862f7dc0c84a22a1.js","component---src-templates-category-product-js-c25217ebc011ef9443d9.js"],"component---src-templates-checkout-js":["styles.62911db4e192044b2a2b.css","commons-6511940bd6e265e5412e.js","component---src-templates-checkout-js-0def5bf7accab0436bfa.js"],"component---src-templates-order-js":["styles.62911db4e192044b2a2b.css","commons-6511940bd6e265e5412e.js","component---src-templates-order-js-45e29c807461dbe9a646.js"],"component---src-templates-page-js":["styles.62911db4e192044b2a2b.css","commons-6511940bd6e265e5412e.js","component---src-templates-page-js-472260e208561bdbeff5.js"],"component---src-templates-product-js":["styles.62911db4e192044b2a2b.css","commons-6511940bd6e265e5412e.js","component---src-templates-product-js-c28a0c23fb94dc45cf32.js"],"component---src-templates-save-js":["styles.62911db4e192044b2a2b.css","commons-6511940bd6e265e5412e.js","component---src-templates-save-js-e8c7f6cd8e713a2175d2.js"],"component---src-templates-search-js":["styles.62911db4e192044b2a2b.css","commons-6511940bd6e265e5412e.js","component---src-templates-search-js-caba63528a71444f7975.js"],"component---src-templates-user-js":["styles.62911db4e192044b2a2b.css","commons-6511940bd6e265e5412e.js","component---src-templates-user-js-8e148b1ae40f2e0d13e3.js"]},"childAssetsByChunkName":{}}